Probe Name,Annotation,Accession #,NS Probe ID,Class Name,Analyte Type,% Samples above Threshold,20190927_RQ-016723_Control-1_01.RCC,20190927_RQ-016723_Control-2_02.RCC,20190927_RQ-016723_Control-3_03.RCC,20190927_RQ-016723_Control-K-1_07.RCC,20190927_RQ-016723_Control-K-2_08.RCC,20190927_RQ-016723_Control-K-3_09.RCC,20190927_RQ-016723_FHKO-1_04.RCC,20190927_RQ-016723_FHKO-2_05.RCC,20190927_RQ-016723_FHKO-3_06.RCC,20190927_RQ-016723_FHKO-K-1_10.RCC,20190927_RQ-016723_FHKO-K-2_11.RCC,20190927_RQ-016723_FHKO-K-3_12.RCC
,,,,,,,20190927_RQ-016723_Control-1_01.RCC,20190927_RQ-016723_Control-2_02.RCC,20190927_RQ-016723_Control-3_03.RCC,20190927_RQ-016723_Control-K-1_07.RCC,20190927_RQ-016723_Control-K-2_08.RCC,20190927_RQ-016723_Control-K-3_09.RCC,20190927_RQ-016723_FHKO-1_04.RCC,20190927_RQ-016723_FHKO-2_05.RCC,20190927_RQ-016723_FHKO-3_06.RCC,20190927_RQ-016723_FHKO-K-1_10.RCC,20190927_RQ-016723_FHKO-K-2_11.RCC,20190927_RQ-016723_FHKO-K-3_12.RCC
,,,,,,,,,,,,,,,,,,
2810417H13Rik,,NM_026515.2,,Endogenous,mRNA,100.00,6.88,7.50,8.01,4.81,4.38,4.24,8.19,8.85,8.56,3.79,4.14,4.08
2900026A02Rik,,NM_172884.3,,Endogenous,mRNA,100.00,6.27,6.16,6.36,7.70,7.97,7.80,6.51,6.64,6.56,7.80,7.96,8.13
Abcc8,,NM_011510.3,,Endogenous,mRNA,100.00,2.86,2.02,2.25,3.48,1.50,2.78,3.05,3.19,1.17,2.87,2.64,1.68
Acad10,,NM_028037.4,,Endogenous,mRNA,100.00,5.58,4.82,5.42,9.72,9.90,9.81,5.27,5.44,5.66,9.91,9.94,9.95
Acly,,NM_134037.2,,Endogenous,mRNA,100.00,10.46,10.36,10.30,11.47,11.16,11.07,10.38,10.35,10.39,11.28,11.03,11.06
Acod1,,NM_008392.1,,Endogenous,mRNA,100.00,2.54,3.60,3.63,3.65,3.73,3.10,3.27,3.44,3.49,3.28,3.86,2.68
Acot11,,NM_025590.4,,Endogenous,mRNA,100.00,5.67,5.82,5.86,7.39,7.34,7.34,5.64,6.00,6.23,7.01,7.28,7.39
Acot3,,NM_134246.3,,Endogenous,mRNA,100.00,4.54,3.47,2.51,8.62,8.22,7.65,4.17,3.91,3.63,8.17,7.92,7.79
Acox1,,NM_015729.2,,Endogenous,mRNA,100.00,9.05,9.05,8.99,13.98,14.16,13.80,9.04,9.11,8.99,13.98,13.91,13.92
Adam19,,NM_009616.4,,Endogenous,mRNA,100.00,4.13,3.82,4.32,5.24,5.44,5.03,3.93,4.19,4.34,5.28,5.30,4.59
Adam8,,NM_007403.2,,Endogenous,mRNA,100.00,13.36,13.14,13.11,4.07,4.31,4.53,13.29,13.32,13.51,4.51,3.64,4.54
Adamts1,,NM_009621.4,,Endogenous,mRNA,100.00,5.18,5.26,4.57,9.23,9.47,9.58,5.22,4.98,5.07,9.53,9.29,9.27
Adamts12,,NM_175501.2,,Endogenous,mRNA,100.00,2.86,3.82,3.51,5.88,5.09,5.61,4.05,3.82,3.97,4.98,5.30,5.18
Adamts14,,NM_001081127.1,,Endogenous,mRNA,100.00,2.86,3.02,2.93,4.81,4.73,4.86,3.27,2.91,2.75,3.95,4.70,4.54
Adamts17,,NM_001033877.4,,Endogenous,mRNA,100.00,4.13,4.10,4.18,5.07,4.67,5.06,4.37,4.38,4.69,4.28,4.52,4.64
Adamts2,,NM_001277305.1,,Endogenous,mRNA,100.00,4.63,4.54,4.25,6.84,6.67,6.77,4.17,4.13,4.41,6.51,6.32,6.50
Adamts3,,NM_001081401.2,,Endogenous,mRNA,100.00,3.71,3.60,3.10,5.01,4.87,4.68,4.17,3.19,3.75,4.65,4.86,4.89
Adamts4,,NM_172845.2,,Endogenous,mRNA,100.00,4.13,3.72,3.93,5.29,4.17,4.17,4.05,3.82,3.97,4.45,3.52,3.93
Adamts9,,NM_175314.3,,Endogenous,mRNA,100.00,3.13,3.18,1.93,6.59,6.88,6.94,3.79,1.32,2.97,6.88,7.08,6.80
Adcyap1r1,,NM_001025372.1,,Endogenous,mRNA,100.00,3.13,3.47,3.10,4.18,4.24,4.58,3.47,3.32,3.87,3.79,4.52,3.93
Adgre1,,NM_010130.1,,Endogenous,mRNA,100.00,13.51,13.60,13.57,7.26,6.86,6.99,13.69,13.66,13.66,6.76,5.91,6.01
Adgre5,,NM_011925.1,,Endogenous,mRNA,100.00,8.13,7.93,7.97,8.37,8.31,8.44,7.75,8.22,7.87,8.30,8.51,8.34
Adora2a,,NM_009630.2,,Endogenous,mRNA,100.00,2.13,2.34,2.51,4.88,4.78,5.10,3.79,2.06,0.17,4.91,4.96,4.68
Adora3,,NM_009631.4,,Endogenous,mRNA,100.00,4.71,4.54,4.45,4.65,4.44,4.03,4.37,4.64,4.25,4.28,2.86,3.14
Aif1,,NM_019467.2,,Endogenous,mRNA,100.00,4.13,2.34,3.10,3.65,3.73,3.58,2.79,2.54,3.49,3.02,3.23,2.27
Akap13,,NM_029332.1,,Endogenous,mRNA,100.00,7.40,7.11,7.21,9.14,9.31,9.37,7.30,7.54,7.31,9.26,9.37,9.34
Alcam,,NM_009655.1,,Endogenous,mRNA,100.00,10.94,11.11,11.67,8.75,8.84,8.70,11.40,12.04,11.52,8.69,8.35,8.45
Alox15,,NM_009660.3,,Endogenous,mRNA,100.00,3.54,2.60,3.25,3.29,3.73,3.36,2.47,2.91,2.49,3.16,2.64,3.68
Alox5,,NM_009662.2,,Endogenous,mRNA,100.00,4.13,4.60,4.51,3.94,4.38,4.17,4.27,4.26,3.63,3.79,3.64,3.38
Alox5ap,,NM_009663.1,,Endogenous,mRNA,100.00,11.52,11.59,11.48,5.94,5.90,6.08,11.58,11.56,11.61,5.85,5.84,5.18
Amica1,,NM_001005421.4,,Endogenous,mRNA,100.00,4.24,4.18,3.93,5.69,4.24,4.95,3.79,3.54,3.17,5.31,4.45,4.77
Angpt1,,NM_009640.3,,Endogenous,mRNA,100.00,1.54,3.72,3.51,7.38,7.08,7.07,4.27,2.91,3.49,7.44,7.15,7.37
Angpt2,,NM_007426.3,,Endogenous,mRNA,100.00,6.16,6.04,6.89,6.71,7.22,7.45,6.37,6.41,6.52,6.84,6.64,6.14
Anxa1,,NM_010730.2,,Endogenous,mRNA,100.00,12.73,12.60,12.91,7.13,6.59,7.01,12.58,13.49,12.44,6.89,6.52,6.58
Anxa4,,NM_013471.2,,Endogenous,mRNA,100.00,12.35,12.32,12.39,9.93,10.05,10.06,12.09,12.34,12.17,9.99,9.88,9.95
Aoah,,NM_001281854.1,,Endogenous,mRNA,100.00,5.18,5.77,5.74,9.10,9.21,9.34,5.96,5.98,5.81,9.69,9.67,9.70
Apoe,,NM_001305844.1,,Endogenous,mRNA,100.00,13.62,13.86,13.62,10.60,10.29,10.16,13.59,13.71,13.65,10.46,10.31,10.20
Areg,,NM_009704.3,,Endogenous,mRNA,100.00,4.00,3.18,4.02,3.65,4.17,3.86,4.55,4.78,3.63,2.87,3.86,3.49
Arf6,,NM_007481.2,,Endogenous,mRNA,100.00,12.00,12.04,12.11,10.74,10.59,10.63,12.14,12.45,12.33,10.67,10.29,10.50
Arg1,,NM_007482.3,,Endogenous,mRNA,100.00,4.45,3.34,4.45,4.07,3.73,2.95,3.79,3.32,4.63,3.95,3.76,4.14
Arhgef28,,NM_012026.2,,Endogenous,mRNA,100.00,4.00,3.34,2.25,9.74,9.61,9.75,2.47,2.06,2.49,9.90,9.89,9.81
Arhgef6,,NM_152801.2,,Endogenous,mRNA,100.00,8.98,9.29,9.59,7.17,6.95,7.13,9.72,10.05,9.56,7.13,7.01,6.89
Armc1,,NM_028840.2,,Endogenous,mRNA,100.00,7.60,8.06,8.44,9.68,9.81,9.90,8.25,8.57,8.45,9.77,9.69,9.76
Atf3,,NM_007498.3,,Endogenous,mRNA,100.00,12.37,12.14,12.28,5.57,4.87,5.33,11.93,12.09,11.93,4.56,4.96,4.14
B4galt4,,NM_019804.3,,Endogenous,mRNA,100.00,7.54,7.62,7.87,7.55,7.44,7.32,7.76,8.11,7.77,7.50,7.34,7.41
Batf,,NM_016767.2,,Endogenous,mRNA,100.00,5.40,5.51,5.06,4.18,3.62,3.48,5.47,5.29,4.81,2.87,3.52,3.77
Batf3,,NM_030060.2,,Endogenous,mRNA,100.00,5.67,5.30,5.32,4.73,4.31,4.30,5.22,5.57,5.52,4.74,4.14,4.54
Bcl10,,NM_009740.1,,Endogenous,mRNA,100.00,9.14,9.20,9.45,8.18,8.37,8.46,9.43,9.57,9.43,8.27,8.58,8.38
Bcl2,,NM_009741.3,,Endogenous,mRNA,100.00,4.00,4.72,5.21,6.88,6.85,6.58,4.99,5.67,5.25,6.59,6.89,6.42
Bcl6,,NM_009744.3,,Endogenous,mRNA,100.00,8.42,8.45,8.51,7.46,7.24,6.19,8.72,8.63,8.75,8.52,7.10,6.79
Bid,,NM_007544.3,,Endogenous,mRNA,100.00,8.32,8.29,8.59,10.01,9.77,9.62,8.49,8.77,8.99,9.98,9.89,10.01
Birc2,,NM_007465.2,,Endogenous,mRNA,100.00,6.09,6.34,6.57,8.79,8.78,8.78,6.55,7.04,6.14,8.77,8.89,8.89
Birc3,,NM_007464.3,,Endogenous,mRNA,100.00,6.95,7.28,7.70,7.20,6.78,6.73,7.41,7.92,7.71,6.89,6.63,6.38
Birc5,,NM_009689.2,,Endogenous,mRNA,100.00,7.82,8.09,8.14,4.29,4.01,4.68,8.40,8.51,8.48,4.02,4.81,4.01
Bmp6,,NM_007556.2,,Endogenous,mRNA,100.00,3.54,3.60,3.39,9.99,9.51,9.24,3.05,2.54,2.75,9.60,9.52,9.54
Bmp8a,,NM_001256019.1,,Endogenous,mRNA,100.00,4.13,3.02,3.39,4.18,3.62,3.10,3.27,4.06,4.34,4.16,3.64,3.27
Btg2,,NM_007570.2,,Endogenous,mRNA,100.00,7.78,7.99,8.11,7.43,7.50,7.44,8.18,8.22,8.02,7.55,7.57,7.50
Btk,,NM_013482.2,,Endogenous,mRNA,100.00,9.63,9.75,9.89,5.39,4.44,5.17,9.80,10.03,9.88,5.06,5.01,4.44
Btla,,NM_001037719.2,,Endogenous,mRNA,100.00,4.54,3.72,2.51,5.29,5.09,5.13,3.64,3.19,3.63,4.74,5.14,4.77
C1qa,,NM_007572.2,,Endogenous,mRNA,100.00,11.65,11.68,11.51,8.49,7.69,8.09,11.91,11.63,11.71,8.10,7.62,7.60
C1qb,,NM_009777.2,,Endogenous,mRNA,100.00,14.26,14.26,14.03,8.61,8.05,8.46,14.23,14.10,14.07,8.30,7.89,7.87
C1qc,,NM_007574.2,,Endogenous,mRNA,100.00,14.02,14.05,13.86,8.76,8.21,8.40,13.97,13.93,14.01,8.41,8.01,7.89
C3,,XM_011246258.1,,Endogenous,mRNA,100.00,7.18,7.26,6.84,9.08,8.36,8.20,6.93,7.19,7.22,8.61,8.21,8.09
C3ar1,,NM_009779.2,,Endogenous,mRNA,100.00,13.36,13.51,13.57,7.20,6.39,6.36,13.69,13.71,13.64,6.52,6.23,5.89
C4a,,NM_011413.2,,Endogenous,mRNA,100.00,2.13,2.34,3.25,6.84,6.55,6.89,3.47,2.32,2.17,6.68,6.91,6.67
C5ar1,,NM_007577.3,,Endogenous,mRNA,100.00,13.40,13.22,13.20,6.16,5.28,6.13,13.15,13.24,13.37,5.19,5.14,4.89
Calr,,NM_007591.3,,Endogenous,mRNA,100.00,13.81,13.63,13.59,13.51,13.33,13.03,13.56,13.56,13.61,13.39,13.18,13.12
Camp,,NM_009921.2,,Endogenous,mRNA,100.00,3.13,3.18,3.39,3.65,2.92,2.58,4.05,3.19,3.63,2.70,3.64,3.01
Casp1,,NM_009807.2,,Endogenous,mRNA,100.00,9.04,9.05,9.16,5.81,5.70,5.73,9.06,9.88,9.23,5.09,5.27,5.01
Casp7,,NM_007611.2,,Endogenous,mRNA,100.00,8.74,8.79,8.76,8.12,8.31,8.24,8.77,8.95,8.86,8.20,7.96,8.11
Cav1,,NM_007616.3,,Endogenous,mRNA,100.00,4.86,4.54,4.88,9.33,9.16,9.09,5.55,5.62,5.30,8.90,9.34,9.21
Cbr1,,NM_007620.2,,Endogenous,mRNA,100.00,8.32,8.24,8.17,9.64,8.89,8.75,7.90,8.08,8.06,9.01,8.77,8.63
Ccl1,,NM_011329.2,,Endogenous,mRNA,100.00,3.71,3.02,3.10,2.81,4.31,3.10,3.27,3.54,2.17,2.70,3.23,3.27
Ccl11,,NM_011330.3,,Endogenous,mRNA,100.00,2.54,2.60,1.51,4.88,4.67,4.48,3.05,1.74,2.49,3.16,4.70,4.59
Ccl12,,NM_011331.2,,Endogenous,mRNA,100.00,4.13,4.18,4.79,5.24,4.96,4.58,4.27,5.13,5.21,3.79,4.76,5.38
Ccl17,,NM_011332.2,,Endogenous,mRNA,100.00,4.54,4.26,3.74,4.07,3.82,3.86,3.93,4.19,3.63,3.79,3.52,3.14
Ccl19,,NM_011888.2,,Endogenous,mRNA,100.00,2.54,3.34,3.39,7.01,6.69,6.96,0.47,3.64,2.49,6.73,6.43,6.75
Ccl2,,NM_011333.3,,Endogenous,mRNA,100.00,10.27,10.01,10.30,5.44,5.17,5.33,9.83,10.84,10.72,5.48,4.58,5.11
Ccl20,,NM_016960.1,,Endogenous,mRNA,100.00,2.13,3.18,3.25,3.65,3.38,2.36,3.47,2.91,2.75,3.40,2.64,3.14
Ccl21a,,NM_011124.4,,Endogenous,mRNA,100.00,3.35,3.47,2.25,9.29,8.94,8.98,3.47,3.06,3.49,8.87,8.74,9.09
Ccl22,,NM_009137.2,,Endogenous,mRNA,100.00,5.49,4.66,4.39,4.07,4.67,4.73,4.86,5.02,4.75,4.70,4.81,4.08
Ccl24,,NM_019577.4,,Endogenous,mRNA,100.00,4.00,4.10,3.84,3.29,4.56,3.58,4.05,4.69,3.75,4.45,4.45,4.14
Ccl25,,NM_009138.3,,Endogenous,mRNA,100.00,4.54,4.02,4.10,6.34,6.73,6.44,4.47,4.59,4.63,6.66,6.38,5.83
Ccl26,,NM_001013412.2,,Endogenous,mRNA,100.00,5.00,4.77,5.02,3.81,3.24,3.78,5.05,4.78,4.63,2.87,3.23,3.77
Ccl27a,,NM_001048179.1,,Endogenous,mRNA,100.00,4.79,4.18,4.32,6.32,6.59,6.41,4.55,5.23,5.07,6.68,6.77,6.22
Ccl28,,NM_020279.3,,Endogenous,mRNA,100.00,2.54,3.02,1.51,5.73,6.93,7.06,2.05,1.74,2.97,6.69,6.25,6.52
Ccl3,,NM_011337.1,,Endogenous,mRNA,100.00,10.72,10.53,10.54,5.34,5.01,4.86,10.23,10.54,10.61,4.87,4.81,4.08
Ccl4,,NM_013652.1,,Endogenous,mRNA,100.00,7.75,7.66,7.72,3.94,4.31,3.78,7.14,7.86,8.17,3.60,4.06,3.14
Ccl5,,NM_013653.1,,Endogenous,mRNA,100.00,4.35,5.37,4.57,6.44,6.24,6.29,4.47,4.54,4.34,6.85,5.45,5.33
Ccl6,,NM_009139.2,,Endogenous,mRNA,100.00,10.05,10.33,10.70,5.18,5.05,4.99,10.13,10.76,10.37,4.28,4.91,4.44
Ccl7,,NM_013654.3,,Endogenous,mRNA,100.00,6.65,6.61,6.85,4.07,3.92,3.10,6.55,7.59,7.17,4.09,4.06,2.49
Ccl8,,NM_021443.2,,Endogenous,mRNA,100.00,4.13,3.34,2.51,5.13,4.92,4.86,3.05,3.91,2.49,4.83,5.01,4.54
Ccl9,,NM_011338.2,,Endogenous,mRNA,100.00,14.48,14.60,14.64,6.69,6.24,6.62,14.58,14.67,14.60,6.52,6.32,5.71
Ccnb2,,NM_007630.2,,Endogenous,mRNA,100.00,8.27,8.62,8.38,5.24,4.56,5.48,8.79,8.76,8.80,4.98,4.91,4.14
Ccr1,,NM_009912.4,,Endogenous,mRNA,100.00,7.20,7.05,7.61,4.29,4.09,3.86,7.14,7.41,6.81,4.09,4.30,4.01
Ccr2,,NM_009915.2,,Endogenous,mRNA,100.00,6.63,7.31,7.68,7.55,7.17,7.76,7.89,8.99,8.00,7.80,7.14,7.08
Ccr3,,NM_009914.4,,Endogenous,mRNA,100.00,5.58,6.02,6.66,2.81,3.82,2.95,6.19,6.46,6.25,3.02,3.64,2.68
Ccr4,,NM_009916.2,,Endogenous,mRNA,100.00,3.54,2.82,3.25,3.29,3.24,3.24,2.47,3.44,2.75,2.87,4.23,3.59
Ccr5,,NM_009917.5,,Endogenous,mRNA,100.00,8.09,8.73,9.16,5.69,4.82,5.58,9.31,9.58,9.14,4.74,4.58,4.59
Ccr6,,NM_001190333.1,,Endogenous,mRNA,100.00,3.13,3.02,4.02,3.65,3.73,4.30,2.47,2.74,3.75,3.02,3.86,3.27
Ccr7,,NM_007719.2,,Endogenous,mRNA,100.00,3.13,4.18,3.25,4.88,4.44,4.10,3.93,2.54,3.49,3.87,4.14,4.01
Ccr8,,NM_007720.2,,Endogenous,mRNA,100.00,4.79,4.02,4.39,4.18,4.17,3.78,3.27,4.32,4.07,3.02,3.86,3.49
Ccr9,,NM_009913.6,,Endogenous,mRNA,100.00,4.71,4.60,4.74,5.07,4.67,4.73,4.47,4.69,4.92,3.79,4.30,4.59
Ccrl2,,NM_017466.4,,Endogenous,mRNA,100.00,6.98,6.80,6.87,6.46,6.26,5.91,6.91,6.61,6.43,6.36,6.21,6.08
Cd14,,NM_009841.3,,Endogenous,mRNA,100.00,11.79,11.74,11.64,5.98,5.67,6.22,11.81,11.75,11.83,5.79,5.23,5.30
Cd151,,NM_009842.3,,Endogenous,mRNA,100.00,9.48,9.17,9.03,9.95,9.89,9.92,9.12,9.13,8.85,9.81,9.78,9.89
Cd163,,NM_053094.2,,Endogenous,mRNA,100.00,5.30,4.60,4.45,4.29,4.92,4.58,4.17,4.98,4.49,3.95,5.14,4.81
Cd180,,NM_008533.2,,Endogenous,mRNA,100.00,11.92,11.87,12.13,6.98,6.53,6.60,12.13,12.35,12.16,6.64,6.16,6.34
Cd1d1,,NM_007639.3,,Endogenous,mRNA,100.00,6.32,6.18,6.21,7.62,7.33,6.74,6.40,7.01,7.22,6.76,6.74,6.34
Cd1d2,,NM_007640.2,,Endogenous,mRNA,100.00,3.54,3.82,3.84,4.07,3.24,3.36,3.64,3.19,3.75,2.02,3.86,2.85
Cd209e,,NM_130905.2,,Endogenous,mRNA,100.00,3.54,1.02,2.74,3.29,3.73,3.36,3.27,3.82,2.17,3.02,3.64,2.49
Cd244,,NM_018729.2,,Endogenous,mRNA,100.00,5.79,6.02,6.36,5.07,4.82,5.03,6.40,6.57,6.41,4.70,4.64,4.01
Cd247,,NM_001113391.2,,Endogenous,mRNA,100.00,3.86,3.92,3.51,4.88,5.17,4.78,4.05,4.13,4.34,4.56,4.76,4.44
Cd27,,NM_001042564.1,,Endogenous,mRNA,100.00,2.86,2.82,2.93,3.29,4.09,3.86,3.27,2.32,2.75,3.28,3.76,3.38
Cd274,,NM_021893.2,,Endogenous,mRNA,100.00,7.31,7.02,7.48,7.32,7.14,6.93,7.21,7.78,7.34,6.99,6.73,7.65
Cd276,,NM_133983.4,,Endogenous,mRNA,100.00,6.47,6.16,6.36,4.39,4.09,3.36,6.02,6.08,6.12,4.09,4.30,3.59
Cd28,,NM_007642.4,,Endogenous,mRNA,100.00,6.37,7.58,7.92,4.39,4.87,4.58,7.70,8.17,7.28,4.16,4.23,4.21
Cd34,,NM_001111059.1,,Endogenous,mRNA,100.00,6.97,6.87,6.63,9.11,8.95,9.16,7.66,7.05,7.47,8.88,9.03,9.08
Cd36,,NM_007643.3,,Endogenous,mRNA,100.00,12.59,12.85,13.36,12.73,13.12,13.04,12.82,13.82,12.29,13.14,13.08,13.11
Cd38,,NM_007646.4,,Endogenous,mRNA,100.00,3.86,3.34,3.63,7.33,7.32,7.31,3.05,3.64,2.97,7.46,7.49,7.32
Cd40,,NM_011611.2,,Endogenous,mRNA,100.00,6.00,6.34,6.29,6.39,6.43,6.13,6.42,6.38,6.83,6.34,6.03,6.16
Cd40lg,,NM_011616.2,,Endogenous,mRNA,100.00,0.54,2.60,1.93,3.29,3.38,3.48,3.05,2.74,2.97,3.28,3.23,3.59
Cd44,,NM_009851.2,,Endogenous,mRNA,100.00,5.00,4.87,5.14,3.29,1.50,3.36,4.27,4.86,4.75,2.87,3.38,3.27
Cd47,,NM_010581.3,,Endogenous,mRNA,100.00,9.95,10.24,10.36,9.93,10.01,10.08,10.40,10.68,10.45,10.00,10.03,10.12
Cd68,,NM_009853.1,,Endogenous,mRNA,100.00,14.59,14.42,14.35,7.21,6.47,6.88,14.36,14.37,14.41,6.75,6.43,6.13
Cd69,,NM_001033122.3,,Endogenous,mRNA,100.00,3.54,2.34,3.51,3.94,4.01,3.36,3.27,3.91,4.56,4.40,4.23,3.85
Cd70,,NM_011617.1,,Endogenous,mRNA,100.00,2.86,3.02,3.51,3.48,1.50,2.95,2.79,2.32,2.49,3.16,3.76,3.38
Cd74,,NM_001042605.1,,Endogenous,mRNA,100.00,13.15,12.79,13.13,12.36,11.75,12.06,12.94,13.59,12.83,11.87,11.53,11.42
Cd80,,NM_009855.2,,Endogenous,mRNA,100.00,5.75,6.18,6.25,4.07,4.24,4.30,5.89,6.26,5.81,4.02,3.64,3.77
Cd83,,NM_009856.2,,Endogenous,mRNA,100.00,8.67,8.86,8.66,5.73,6.09,5.68,8.95,9.17,9.05,6.14,5.81,5.59
Cd84,,NM_001252472.1,,Endogenous,mRNA,100.00,10.84,11.03,11.51,5.57,4.82,5.45,11.31,12.08,11.12,5.22,4.86,4.21
Cd86,,NM_019388.3,,Endogenous,mRNA,100.00,4.86,5.10,5.29,6.37,5.47,5.42,5.32,5.29,5.12,5.48,5.34,5.38
Cd99,,NM_025584.2,,Endogenous,mRNA,100.00,6.88,6.81,6.62,5.81,5.47,5.13,7.04,6.80,6.92,5.65,5.84,5.04
Cdc20,,NM_023223.2,,Endogenous,mRNA,100.00,8.43,8.35,8.08,5.24,5.73,5.95,8.43,8.51,8.45,5.48,5.94,5.77
Cdh1,,NM_009864.2,,Endogenous,mRNA,100.00,3.71,3.47,3.51,11.33,11.20,11.28,2.79,3.44,3.49,11.29,11.35,11.24
Cdh11,,NM_009866.4,,Endogenous,mRNA,100.00,2.86,2.82,2.51,8.27,7.79,8.29,2.05,3.32,2.17,8.38,7.88,7.75
Cdh13,,NM_019707.4,,Endogenous,mRNA,100.00,3.13,3.18,3.39,6.32,6.07,6.06,2.79,3.19,2.17,6.02,6.03,5.97
Cdh2,,NM_007664.4,,Endogenous,mRNA,100.00,2.13,2.34,3.39,7.59,8.01,7.84,1.47,2.74,3.34,7.77,8.26,7.93
Cdh4,,NM_001316723.1,,Endogenous,mRNA,100.00,4.35,3.18,3.84,4.81,4.78,4.95,3.64,3.74,4.75,4.87,5.01,5.01
Cdh5,,NM_009868.3,,Endogenous,mRNA,100.00,3.54,3.47,2.74,7.77,7.68,7.65,3.93,3.91,3.17,7.79,7.47,7.44
Cdkn1a,,NM_007669.4,,Endogenous,mRNA,100.00,11.05,10.69,10.84,7.01,5.98,6.15,10.50,10.55,10.58,6.62,5.81,5.71
Ceacam1,,NM_001039185.1,,Endogenous,mRNA,100.00,5.93,5.95,5.74,7.79,7.55,7.55,5.68,6.04,5.89,7.62,7.46,7.57
Ceacam2,,NM_007543.4,,Endogenous,mRNA,100.00,2.13,1.60,3.10,5.57,7.59,7.45,3.47,2.32,1.17,5.45,6.40,5.41
Cebpa,,NM_007678.3,,Endogenous,mRNA,100.00,11.17,11.04,11.06,9.66,9.57,9.18,11.11,11.12,11.16,9.53,9.45,9.42
Cebpb,,NM_009883.3,,Endogenous,mRNA,100.00,9.95,9.96,10.03,8.76,8.87,8.40,9.86,10.28,10.28,8.43,8.51,8.28
Cebpd,,NM_007679.4,,Endogenous,mRNA,100.00,5.45,4.87,4.97,4.07,4.38,4.30,5.37,4.98,5.07,3.16,3.23,3.77
Cebpg,,NM_009884.3,,Endogenous,mRNA,100.00,3.71,4.60,4.93,5.39,5.70,5.64,4.93,5.76,5.25,5.22,5.89,5.36
Chil3,,NM_009892.2,,Endogenous,mRNA,100.00,4.45,4.26,4.45,5.73,5.98,5.48,3.47,3.32,3.34,5.09,5.23,5.30
Chil4,,NM_145126.2,,Endogenous,mRNA,100.00,1.54,3.34,2.51,4.57,4.24,4.82,3.27,2.54,2.75,4.22,4.64,3.85
Cldn1,,NM_016674.3,,Endogenous,mRNA,100.00,3.54,3.47,2.74,8.32,8.03,8.20,4.55,2.74,3.49,8.51,8.22,8.24
Clec1b,,NM_001204239.1,,Endogenous,mRNA,100.00,2.54,2.82,3.51,4.07,4.50,3.78,3.05,3.82,3.75,3.16,4.30,3.59
Clec5a,,NM_001038604.1,,Endogenous,mRNA,100.00,6.18,6.55,6.53,4.07,3.38,3.78,7.02,7.61,6.91,3.40,3.86,3.59
Clec7a,,NM_020008.2,,Endogenous,mRNA,100.00,8.62,9.27,10.01,5.57,4.56,5.36,9.60,11.07,9.72,5.56,4.70,5.14
Clec9a,,NM_172732.3,,Endogenous,mRNA,100.00,3.71,3.02,3.25,5.48,5.20,5.45,3.64,3.44,3.49,5.34,5.14,4.81
Clic4,,NM_013885.2,,Endogenous,mRNA,100.00,10.83,10.87,10.98,10.20,9.83,9.88,10.69,10.92,10.94,10.01,9.71,9.85
Cma1,,NM_010780.3,,Endogenous,mRNA,100.00,4.35,2.82,3.84,4.39,3.62,3.10,3.64,3.74,2.75,3.40,3.64,3.14
Cnksr1,,NM_001081047.1,,Endogenous,mRNA,100.00,4.24,2.34,2.25,7.18,7.39,7.62,3.47,3.19,3.63,7.22,7.43,7.17
Cnn2,,NM_007725.2,,Endogenous,mRNA,100.00,7.66,7.65,7.62,7.69,7.63,8.01,7.71,7.67,7.80,7.59,7.67,7.63
Coasy,,NM_001305982.1,,Endogenous,mRNA,100.00,7.55,7.42,7.20,10.77,10.89,10.96,7.18,7.35,7.27,10.94,11.04,11.03
Col10a1,,NM_009925.4,,Endogenous,mRNA,100.00,3.71,3.47,3.84,2.81,2.92,3.10,2.47,3.64,3.17,3.28,3.23,2.01
Col11a1,,NM_007729.2,,Endogenous,mRNA,100.00,4.35,3.72,4.18,2.48,3.50,3.36,4.17,3.44,3.97,3.28,2.86,3.14
Col12a1,,NM_007730.2,,Endogenous,mRNA,100.00,2.86,1.60,3.63,6.69,6.47,6.80,3.64,3.64,3.34,6.22,6.74,6.30
Col14a1,,NM_181277.3,,Endogenous,mRNA,100.00,3.54,4.02,3.39,9.64,9.40,9.49,3.64,3.74,3.75,9.57,9.53,9.46
Col15a1,,NM_009928.3,,Endogenous,mRNA,100.00,3.54,2.60,3.51,9.10,8.58,9.04,3.27,3.32,3.63,8.59,8.73,8.41
Col17a1,,NM_007732.2,,Endogenous,mRNA,100.00,3.54,3.02,3.25,3.48,3.38,3.86,2.79,2.91,3.49,3.70,2.38,2.68
Col1a2,,NM_007743.2,,Endogenous,mRNA,100.00,3.35,3.18,2.74,9.10,8.53,8.89,3.47,3.06,2.97,9.09,8.83,8.59
Col3a1,,NM_009930.1,,Endogenous,mRNA,100.00,4.13,4.41,4.25,9.81,8.97,9.25,3.93,4.38,3.87,9.63,9.14,9.02
Col4a1,,NM_009931.2,,Endogenous,mRNA,100.00,5.75,5.57,5.63,10.21,9.60,9.63,6.05,6.04,5.59,9.98,9.69,9.48
Col4a2,,NM_009932.3,,Endogenous,mRNA,100.00,4.71,4.54,4.51,9.48,9.17,9.11,5.37,4.74,4.75,9.16,8.98,8.98
Cpa3,,NM_007753.2,,Endogenous,mRNA,100.00,2.54,2.34,2.25,2.07,3.50,3.10,3.79,3.44,3.17,2.87,2.86,2.85
Crabp2,,NM_007759.2,,Endogenous,mRNA,100.00,2.54,3.18,2.74,3.07,3.38,2.95,3.79,2.91,2.75,2.70,3.86,3.01
Crem,,NM_001110853.1,,Endogenous,mRNA,100.00,4.63,4.26,4.57,7.13,6.97,7.16,4.93,5.44,4.41,7.12,6.89,7.21
Crip1,,NM_007763.3,,Endogenous,mRNA,100.00,14.00,13.86,13.84,9.62,9.45,9.56,13.76,13.87,13.89,9.36,9.22,9.27
Csf1,,NM_001113530.1,,Endogenous,mRNA,100.00,5.18,5.14,5.39,7.16,7.43,7.30,5.27,5.06,5.21,7.08,6.89,7.15
Csf1r,,NM_001037859.1,,Endogenous,mRNA,100.00,12.56,12.47,12.48,8.53,8.17,8.71,12.70,12.75,12.85,7.96,8.31,7.96
Csf2,,NM_009969.4,,Endogenous,mRNA,91.67,3.35,2.82,0.93,4.29,2.92,0.00,3.64,2.54,2.97,3.16,2.64,3.27
Csf2ra,,NM_009970.2,,Endogenous,mRNA,100.00,9.15,8.99,9.28,5.65,5.24,5.48,9.07,9.51,9.56,5.28,4.52,4.64
Csf3,,NM_009971.1,,Endogenous,mRNA,100.00,4.00,3.02,3.63,4.18,4.44,3.78,3.79,3.32,3.49,4.16,3.76,3.49
Csf3r,,NM_001252651.1,,Endogenous,mRNA,100.00,6.61,6.57,6.86,4.18,4.31,4.24,6.71,7.35,7.01,4.83,4.06,4.01
Cstb,,NM_007793.3,,Endogenous,mRNA,100.00,14.50,14.51,14.53,11.89,11.73,11.73,14.27,14.54,14.51,11.81,11.74,11.73
Ctgf,,NM_010217.2,,Endogenous,mRNA,100.00,2.13,3.02,3.10,10.52,11.28,11.10,2.79,2.32,2.75,10.65,10.93,11.08
Ctla4,,NM_009843.3,,Endogenous,mRNA,100.00,4.00,3.18,3.25,3.29,4.01,4.53,3.64,3.44,3.34,3.60,3.64,3.49
Ctnnb1,,NM_007614.2,,Endogenous,mRNA,100.00,11.43,11.58,11.62,12.82,12.69,12.65,11.67,12.08,11.77,12.80,12.64,12.67
Ctsa,,NM_001038492.2,,Endogenous,mRNA,100.00,6.90,6.64,6.42,5.53,5.44,5.68,6.70,6.84,7.06,5.19,5.38,5.44
Ctsd,,NM_009983.2,,Endogenous,mRNA,100.00,17.51,17.28,17.21,13.56,13.20,13.19,17.07,17.05,17.09,13.28,13.16,13.18
Ctsg,,NM_007800.1,,Endogenous,mRNA,100.00,4.45,3.82,2.74,4.48,3.73,4.17,4.27,4.19,4.41,3.79,3.38,3.49
Ctsl,,NM_009984.3,,Endogenous,mRNA,100.00,12.19,12.13,12.32,11.00,10.97,11.07,12.11,12.33,12.30,11.13,11.24,11.22
Ctss,,NM_021281.2,,Endogenous,mRNA,100.00,14.49,14.58,14.87,8.44,7.61,7.97,14.62,15.19,14.96,8.00,7.51,7.84
Cttnbp2,,NM_080285.1,,Endogenous,mRNA,100.00,4.00,3.34,4.18,6.73,6.47,6.46,3.64,3.54,3.34,6.58,6.50,6.59
Cx3cl1,,NM_009142.3,,Endogenous,mRNA,100.00,3.86,3.82,2.51,7.68,7.39,7.85,3.79,2.74,2.17,7.45,7.60,7.52
Cx3cr1,,NM_009987.3,,Endogenous,mRNA,100.00,9.28,9.82,9.62,7.44,6.63,6.68,10.30,9.97,10.29,6.63,6.29,6.18
Cxcl1,,NM_008176.1,,Endogenous,mRNA,100.00,3.13,3.34,2.51,5.24,5.75,4.99,3.47,2.06,1.17,5.19,4.91,4.59
Cxcl10,,NM_021274.1,,Endogenous,mRNA,100.00,4.63,5.44,5.63,7.18,6.82,6.93,5.79,5.44,6.05,7.02,6.36,6.46
Cxcl11,,NM_019494.1,,Endogenous,mRNA,100.00,4.24,3.92,4.02,5.18,5.41,5.24,4.17,3.82,4.07,4.79,5.10,4.33
Cxcl12,,NM_021704.3,,Endogenous,mRNA,100.00,2.13,1.60,2.25,11.21,11.91,12.06,2.47,3.06,2.97,11.27,11.67,11.59
Cxcl13,,NM_018866.2,,Endogenous,mRNA,100.00,3.86,2.82,3.39,4.73,4.62,3.95,4.27,3.06,3.49,3.16,4.14,4.68
Cxcl14,,NM_019568.2,,Endogenous,mRNA,100.00,10.94,10.56,10.58,10.09,10.78,10.48,10.93,10.63,10.88,10.44,10.38,10.24
Cxcl16,,NM_023158.6,,Endogenous,mRNA,100.00,11.21,11.37,11.07,9.68,9.79,9.86,11.48,11.24,11.29,9.94,9.65,9.82
Cxcl2,,NM_009140.2,,Endogenous,mRNA,100.00,6.09,6.06,5.81,4.48,3.92,4.03,6.14,6.48,6.45,3.02,4.06,4.01
Cxcl3,,NM_203320.2,,Endogenous,mRNA,100.00,4.35,3.82,3.63,3.29,3.73,2.78,3.27,2.54,3.49,3.16,4.06,2.27
Cxcl5,,NM_009141.2,,Endogenous,mRNA,100.00,4.13,4.54,3.74,4.81,4.78,4.48,4.37,3.91,3.75,4.70,4.52,4.54
Cxcl9,,NM_008599.2,,Endogenous,mRNA,100.00,3.71,4.02,3.84,6.71,6.34,6.32,3.93,3.32,2.97,6.16,5.89,5.21
Cxcr1,,NM_178241.4,,Endogenous,mRNA,100.00,3.71,3.02,3.74,4.65,4.73,3.86,3.93,4.06,3.63,3.79,3.06,4.33
Cxcr2,,NM_009909.3,,Endogenous,mRNA,100.00,3.35,3.02,2.74,3.81,3.09,3.58,3.05,3.54,2.49,3.51,3.38,2.68
Cxcr3,,NM_009910.2,,Endogenous,mRNA,100.00,5.18,5.44,5.48,4.18,4.38,3.95,5.60,5.35,5.78,4.40,3.76,3.49
Cxcr4,,NM_009911.3,,Endogenous,mRNA,100.00,9.61,9.78,9.70,5.39,4.82,5.03,9.81,9.92,9.93,4.56,5.10,4.89
Cxcr5,,NM_007551.2,,Endogenous,mRNA,100.00,3.71,3.60,3.39,3.81,3.92,4.48,4.79,3.06,3.34,3.87,4.06,3.68
Cxcr6,,NM_030712.4,,Endogenous,mRNA,100.00,2.86,2.34,3.10,5.44,4.01,4.64,3.05,2.74,0.17,4.45,4.58,4.85
Cybb,,NM_007807.2,,Endogenous,mRNA,100.00,11.36,11.79,12.24,7.75,7.31,7.32,12.12,12.66,11.93,7.53,7.12,7.20
Cyp1b1,,NM_009994.1,,Endogenous,mRNA,100.00,3.13,2.60,3.10,7.65,7.35,7.79,3.79,3.44,3.17,7.35,7.59,7.39
Cyp3a13,,NM_007819.4,,Endogenous,mRNA,100.00,3.35,3.47,3.84,4.88,5.09,4.99,4.05,3.06,3.97,4.65,5.14,4.77
Cyr61,,NM_010516.1,,Endogenous,mRNA,100.00,3.35,2.60,3.10,7.28,7.74,7.53,3.79,3.06,2.97,7.96,7.63,7.36
Cysltr1,,NM_021476.4,,Endogenous,mRNA,100.00,5.83,6.22,6.36,4.73,5.05,4.68,6.89,8.02,7.20,4.98,4.06,4.49
Cytip,,NM_139200.4,,Endogenous,mRNA,100.00,8.53,9.11,9.16,8.60,8.56,8.57,9.44,9.67,9.54,8.46,8.36,8.41
Daglb,,NM_144915.3,,Endogenous,mRNA,100.00,11.56,11.27,11.39,7.72,7.78,7.68,11.15,11.45,11.25,7.50,7.64,7.60
Daxx,,NM_007829.3,,Endogenous,mRNA,100.00,6.54,6.32,6.42,5.91,5.78,5.95,6.27,6.69,6.45,6.00,5.89,5.73
Ddr2,,NM_022563.2,,Endogenous,mRNA,100.00,3.86,1.60,2.93,7.59,7.37,7.46,2.79,3.32,3.34,7.27,7.11,6.99
Des,,NM_010043.1,,Endogenous,mRNA,100.00,3.13,2.82,2.74,6.57,5.94,6.33,3.27,3.91,3.49,6.25,6.29,6.37
Dhrs3,,NM_011303.6,,Endogenous,mRNA,100.00,9.55,9.22,9.26,9.19,8.64,8.41,9.47,9.57,9.31,8.85,8.73,8.43
Dnajb6,,NM_011847.4,,Endogenous,mRNA,100.00,10.01,10.13,10.27,10.77,11.04,10.93,10.01,10.44,10.12,10.82,10.94,11.00
Dpp4,,NM_001159543.1,,Endogenous,mRNA,100.00,3.13,3.72,3.39,9.46,9.39,9.49,2.79,2.91,3.75,9.58,9.41,9.36
Dusp1,,NM_013642.3,,Endogenous,mRNA,100.00,9.56,9.57,9.59,9.36,10.22,9.36,9.88,9.82,10.08,9.86,9.76,9.77
Dusp2,,NM_010090.2,,Endogenous,mRNA,100.00,4.93,5.22,5.60,4.18,3.09,3.68,4.79,5.59,5.49,3.28,3.23,3.27
Dusp6,,NM_026268.2,,Endogenous,mRNA,100.00,9.35,9.35,9.48,9.64,9.57,9.22,9.38,9.61,9.50,9.41,9.18,9.31
Ear3,,NM_017388.1,,Endogenous,mRNA,100.00,2.54,4.34,4.32,3.29,4.50,3.95,4.37,4.59,3.75,4.02,4.70,4.38
Ear6,,NM_053111.2,,Endogenous,mRNA,100.00,3.13,3.02,3.25,3.48,3.09,3.24,3.27,3.32,2.49,2.87,2.38,3.27
Edn1,,NM_010104.2,,Endogenous,mRNA,100.00,0.54,3.02,2.25,4.73,4.01,4.68,2.05,3.32,2.17,3.87,4.23,4.27
Egf,,NM_010113.3,,Endogenous,mRNA,100.00,3.35,3.18,2.93,13.86,14.00,14.08,3.27,3.06,2.17,13.89,13.90,13.89
Egr2,,NM_010118.2,,Endogenous,mRNA,100.00,7.37,6.77,7.30,3.94,3.50,3.10,6.93,7.37,7.01,3.28,3.06,2.85
Egr3,,NM_018781.2,,Endogenous,mRNA,100.00,4.86,4.77,4.32,3.29,3.82,3.58,5.11,5.32,5.59,2.87,3.38,3.38
Eif4ebp2,,NM_010124.2,,Endogenous,mRNA,100.00,8.78,8.51,8.63,10.28,10.02,9.98,8.63,8.84,8.80,10.08,9.94,10.10
Elane,,NM_015779.2,,Endogenous,mRNA,100.00,4.00,4.60,4.25,2.07,3.24,2.95,4.47,4.32,4.25,1.70,3.06,1.68
Ell2,,NM_138953.2,,Endogenous,mRNA,100.00,8.32,8.44,8.95,8.68,8.66,8.63,9.09,9.74,9.15,8.50,8.63,8.62
Elovl6,,NM_130450.2,,Endogenous,mRNA,100.00,4.35,4.34,3.51,7.56,6.92,6.53,4.55,4.49,4.63,6.65,6.93,6.50
Emp1,,NM_010128.4,,Endogenous,mRNA,100.00,11.15,11.42,11.50,8.06,8.08,8.45,11.70,11.88,11.67,8.24,8.06,8.10
En1,,NM_010133.2,,Endogenous,mRNA,100.00,0.54,3.18,3.10,3.29,3.24,3.48,3.05,3.32,3.17,2.87,2.64,1.27
Enc1,,NM_007930.3,,Endogenous,mRNA,100.00,7.67,7.87,7.66,5.91,5.82,5.33,7.79,8.04,8.18,5.58,5.48,4.97
Enpep,,NM_007934.3,,Endogenous,mRNA,100.00,3.54,3.18,3.25,10.76,10.84,10.75,3.27,2.54,3.75,11.05,10.76,10.96
Enpp2,,NM_001136077.2,,Endogenous,mRNA,100.00,4.00,3.72,3.39,10.55,10.88,10.87,3.93,3.19,3.75,11.03,11.10,11.05
Ephb6,,NM_001146351.1,,Endogenous,mRNA,100.00,3.13,3.18,3.25,4.29,3.73,2.95,3.79,3.74,3.17,3.40,3.76,4.08
Epx,,NM_007946.2,,Endogenous,mRNA,100.00,2.54,3.18,2.25,3.07,3.38,3.48,3.05,3.32,3.34,2.51,3.06,2.85
Ercc1,,NM_007948.2,,Endogenous,mRNA,100.00,7.87,7.87,7.74,7.28,6.78,6.98,7.55,7.59,7.53,7.11,7.16,6.87
Erg,,NM_133659.2,,Endogenous,mRNA,100.00,3.71,3.34,3.25,5.88,5.92,6.06,0.47,2.74,3.34,6.11,6.01,5.77
Ets1,,NM_001038642.1,,Endogenous,mRNA,100.00,6.93,7.22,7.25,9.54,9.41,9.52,7.71,7.58,7.44,9.41,9.29,9.33
F11r,,NM_172647.2,,Endogenous,mRNA,100.00,5.35,4.77,5.39,11.02,10.87,10.75,6.11,5.19,5.87,11.01,10.86,10.84
Fabp4,,NM_024406.2,,Endogenous,mRNA,100.00,6.97,7.47,7.78,11.10,10.57,9.53,7.55,8.90,8.61,9.73,9.58,9.48
Fadd,,NM_010175.5,,Endogenous,mRNA,100.00,5.67,5.63,5.39,7.18,7.19,6.84,5.27,5.86,5.49,7.11,7.13,6.98
Faf1,,NM_007983.2,,Endogenous,mRNA,100.00,5.40,5.18,5.06,6.75,6.75,6.45,5.42,5.32,5.21,6.49,6.52,6.44
Fas,,NM_007987.2,,Endogenous,mRNA,100.00,4.54,3.72,4.32,5.84,6.28,6.10,4.17,4.59,4.34,6.24,6.38,5.91
Fasn,,NM_007988.3,,Endogenous,mRNA,100.00,8.70,8.40,8.28,11.48,10.14,9.49,8.42,8.55,8.61,10.20,9.67,9.77
Fbp1,,NM_019395.2,,Endogenous,mRNA,100.00,3.13,3.82,3.10,13.31,13.22,13.18,3.47,3.64,3.49,13.39,13.49,13.49
Fbxl7,,NM_176959.3,,Endogenous,mRNA,100.00,4.00,3.18,3.25,5.94,6.28,5.48,3.93,3.82,3.49,5.70,5.94,5.95
Fcer1a,,NM_010184.1,,Endogenous,mRNA,100.00,4.13,3.72,3.39,3.48,4.73,4.03,2.79,3.44,3.87,4.02,4.64,3.59
Fcer2a,,NM_001253737.1,,Endogenous,mRNA,100.00,3.71,4.26,3.84,3.65,2.24,2.58,4.37,4.49,4.07,2.51,3.06,3.59
Fcgr1,,NM_010186.5,,Endogenous,mRNA,100.00,11.01,11.15,10.91,6.86,6.31,6.45,11.13,11.05,11.16,6.52,6.45,6.67
Fcgr2b,,NM_001077189.1,,Endogenous,mRNA,100.00,8.29,8.81,8.89,10.24,10.09,10.09,8.69,9.32,8.88,10.48,10.11,10.27
Fcgr3,,NM_010188.5,,Endogenous,mRNA,100.00,12.12,12.08,12.13,5.91,5.44,5.66,11.80,11.96,11.89,5.37,5.58,5.41
Fcgr4,,NM_144559.1,,Endogenous,mRNA,100.00,9.36,9.65,9.49,7.13,6.43,6.45,9.10,9.24,9.17,6.47,6.10,6.52
Fcnb,,NM_010190.1,,Endogenous,mRNA,100.00,3.54,3.02,3.25,2.48,3.24,2.78,1.47,2.91,3.49,2.87,3.06,2.49
Fem1c,,NM_173423.4,,Endogenous,mRNA,100.00,7.21,7.74,8.34,9.14,8.87,8.84,8.15,8.91,8.31,8.98,8.91,8.90
Fgf10,,NM_008002.4,,Endogenous,mRNA,100.00,2.54,0.02,2.51,4.73,5.13,3.58,3.27,2.32,2.75,3.40,4.06,3.49
Fgf18,,NM_008005.1,,Endogenous,mRNA,100.00,4.13,3.60,3.74,4.94,6.63,5.75,3.93,3.74,3.17,5.98,6.21,6.18
Fgf2,,NM_008006.2,,Endogenous,mRNA,100.00,4.71,3.02,3.93,4.94,4.56,4.82,4.55,3.64,2.17,4.28,3.76,4.54
Fgf7,,NM_008008.4,,Endogenous,mRNA,100.00,3.13,2.82,3.39,4.48,4.78,4.82,3.27,3.06,2.97,4.02,4.45,4.21
Fgfr1,,NM_001079908.2,,Endogenous,mRNA,100.00,6.27,5.69,6.06,7.85,8.02,7.92,5.75,5.86,5.69,7.79,7.96,8.04
Flnb,,NM_134080.1,,Endogenous,mRNA,100.00,6.21,6.02,6.39,9.10,9.04,9.18,6.51,6.39,6.05,9.05,9.10,9.24
Flrt2,,NM_201518.4,,Endogenous,mRNA,100.00,6.40,6.90,7.53,5.69,6.33,6.29,7.08,8.46,7.32,5.93,6.32,5.87
Flt1,,NM_010228.3,,Endogenous,mRNA,100.00,5.35,4.54,5.39,7.90,7.60,7.83,4.79,4.82,5.30,7.65,7.85,7.91
Flt3,,NM_010229.2,,Endogenous,mRNA,100.00,3.35,3.47,3.10,3.81,5.05,4.73,3.27,3.54,4.17,4.51,4.30,4.21
Fn1,,NM_010233.1,,Endogenous,mRNA,100.00,7.94,7.17,7.48,9.01,8.11,8.80,7.51,7.58,7.54,8.59,8.49,8.49
Fosb,,NM_008036.2,,Endogenous,mRNA,100.00,4.54,4.60,4.10,4.48,4.17,4.48,4.93,4.94,4.49,3.79,3.23,3.68
Fosl1,,NM_010235.2,,Endogenous,mRNA,100.00,4.79,4.18,4.18,4.18,4.09,4.10,4.64,4.64,3.97,3.40,3.86,3.85
Fpr-rs3,,NM_008040.2,,Endogenous,mRNA,100.00,3.71,3.47,1.93,3.65,4.38,3.78,3.47,2.74,2.97,2.70,4.06,3.68
Fpr-rs4,,NM_008041.2,,Endogenous,mRNA,100.00,4.24,3.47,4.02,3.65,4.82,4.95,2.79,4.06,4.07,3.95,4.64,3.49
Fpr-rs5,,Fpr_rs5.1,,Endogenous,mRNA,100.00,2.86,2.82,2.51,3.07,3.50,4.30,2.47,1.74,2.17,3.60,3.52,3.38
Fpr-rs6,,NM_177316.2,,Endogenous,mRNA,100.00,2.54,1.02,2.93,2.48,3.62,3.48,2.05,2.06,1.75,1.28,3.23,2.49
Fpr1,,NM_013521.2,,Endogenous,mRNA,100.00,3.71,3.18,4.02,3.07,2.92,3.36,3.93,4.06,3.17,2.70,2.86,3.38
Fpr2,,NM_008039.2,,Endogenous,mRNA,100.00,2.54,3.18,2.93,5.01,4.67,4.10,4.55,3.32,3.63,3.79,4.06,4.21
Fpr3,,NM_008042.2,,Endogenous,mRNA,100.00,4.79,3.34,3.25,4.18,3.92,3.36,3.64,3.91,4.34,3.28,4.58,4.08
Fscn1,,NM_007984.2,,Endogenous,mRNA,100.00,4.86,4.34,4.84,7.57,7.28,7.44,4.55,4.59,4.63,7.46,7.37,6.95
Furin,,NM_011046.2,,Endogenous,mRNA,100.00,9.50,9.22,9.30,11.77,11.88,11.78,9.39,9.59,9.74,11.74,11.90,11.78
Fut4,,NM_010242.3,,Endogenous,mRNA,100.00,4.79,4.97,5.25,5.13,5.38,4.95,4.86,5.41,4.63,4.65,4.38,4.27
Fyn,,NM_008054.2,,Endogenous,mRNA,100.00,9.23,9.38,9.59,7.89,7.55,7.68,9.64,9.93,9.91,7.76,7.63,7.42
Fzd4,,NM_008055.4,,Endogenous,mRNA,100.00,3.35,3.47,3.51,9.66,9.62,9.72,2.79,3.91,3.17,9.51,9.46,9.34
Fzd6,,NM_001162494.1,,Endogenous,mRNA,91.67,1.54,2.02,0.00,7.93,7.69,7.70,1.47,2.54,0.17,7.80,7.41,7.44
Fzd9,,NM_010246.1,,Endogenous,mRNA,100.00,3.86,2.02,2.51,2.81,3.82,2.58,3.47,1.32,2.97,1.70,2.86,2.49
Gadd45b,,NM_008655.1,,Endogenous,mRNA,100.00,7.39,7.55,7.52,5.91,6.01,5.99,7.55,7.65,7.53,5.74,6.23,5.66
Gata1,,NM_008089.1,,Endogenous,mRNA,100.00,4.71,4.26,4.45,3.65,3.24,3.95,3.93,3.32,2.75,3.16,2.38,3.68
Gata2,,NM_008090.4,,Endogenous,mRNA,100.00,2.54,3.34,2.93,7.82,7.60,7.48,3.27,3.54,2.97,7.45,7.30,7.26
Gata3,,NM_008091.3,,Endogenous,mRNA,100.00,4.13,3.92,3.25,8.70,8.54,8.23,3.64,2.54,2.17,8.55,8.35,8.29
Gata6,,NM_010258.3,,Endogenous,mRNA,100.00,4.35,3.92,3.39,5.69,5.05,5.27,4.17,4.13,3.34,5.45,5.38,5.38
Gch1,,NM_008102.3,,Endogenous,mRNA,100.00,5.93,5.63,6.14,5.01,3.82,4.78,5.64,6.09,5.78,3.95,4.86,4.77
Gem,,NM_010276.3,,Endogenous,mRNA,100.00,3.71,4.10,3.51,6.69,6.96,6.75,3.05,3.74,1.75,6.58,6.58,6.06
Gk5,,NM_177352.4,,Endogenous,mRNA,100.00,4.00,3.60,3.84,8.25,8.11,8.19,4.27,4.32,4.07,8.03,8.06,7.98
Glg1,,NM_009149.2,,Endogenous,mRNA,100.00,10.81,10.73,10.69,10.85,10.97,10.99,10.91,10.90,10.97,10.95,10.97,11.04
Gnai3,,NM_010306.2,,Endogenous,mRNA,100.00,8.26,8.61,9.22,10.97,10.79,10.86,9.23,10.33,9.60,10.95,10.84,10.83
Golim4,,NM_001291069.1,,Endogenous,mRNA,100.00,5.35,5.63,6.12,7.95,7.95,7.67,6.05,6.36,6.14,7.83,7.78,7.54
Gpr183,,NM_183031.2,,Endogenous,mRNA,100.00,7.60,7.77,7.57,4.81,3.73,4.58,8.07,7.72,8.01,4.09,3.96,3.59
Gpr65,,NM_008152.2,,Endogenous,mRNA,100.00,8.00,8.25,8.26,5.94,5.28,5.58,8.40,8.90,8.21,5.56,5.38,5.27
Grn,,NM_008175.4,,Endogenous,mRNA,100.00,13.03,12.84,12.75,9.86,9.63,9.74,12.87,12.98,13.02,9.77,9.74,9.79
Gsn,,NM_146120.3,,Endogenous,mRNA,100.00,12.79,12.57,12.42,10.00,9.92,10.16,12.55,12.50,12.62,9.78,9.73,9.66
Gtf2h2,,NM_022011.4,,Endogenous,mRNA,100.00,6.03,6.58,6.93,9.54,9.72,9.77,6.84,7.86,7.70,9.62,9.73,9.70
Gzma,,NM_010370.2,,Endogenous,mRNA,100.00,4.00,2.34,3.93,5.24,4.92,4.68,3.93,3.54,3.49,4.91,4.91,4.38
H2-Aa,,NM_010378.2,,Endogenous,mRNA,100.00,11.87,11.50,11.84,11.92,11.33,11.58,11.53,12.18,11.31,11.53,11.04,11.10
H2-Ab1,,NM_207105.2,,Endogenous,mRNA,100.00,10.87,10.48,10.74,11.24,10.71,10.97,10.47,11.14,10.31,10.70,10.29,10.36
H2-D1,,NM_010380.3,,Endogenous,mRNA,100.00,13.98,13.87,13.87,11.74,11.42,11.55,13.82,13.91,13.87,11.41,11.29,11.26
H2-DMa,,NM_010386.3,,Endogenous,mRNA,100.00,8.40,8.42,8.49,7.01,6.63,7.02,8.23,8.71,8.03,6.47,6.64,6.65
H2-DMb1,,NM_010387.2,,Endogenous,mRNA,100.00,9.12,8.80,8.80,7.38,7.25,7.45,8.58,8.99,8.46,6.97,6.80,6.90
H2-DMb2,,NM_010388.4,,Endogenous,mRNA,100.00,5.00,4.34,4.84,5.69,5.34,6.04,5.32,4.86,4.81,5.63,5.23,4.59
H2-Ea-ps,,NM_010381.2,,Endogenous,mRNA,100.00,3.13,3.34,2.51,2.48,2.50,3.48,3.27,3.06,3.49,2.02,3.38,2.85
H2-Eb1,,NM_010382.2,,Endogenous,mRNA,100.00,8.64,8.30,8.89,9.55,8.84,9.12,8.33,8.91,8.15,9.01,8.58,8.71
H2-K1,,NM_001001892.2,,Endogenous,mRNA,100.00,13.38,13.37,13.29,12.24,11.94,12.00,13.31,13.33,13.36,11.86,11.73,11.75
H2-M3,,NM_013819.2,,Endogenous,mRNA,100.00,7.39,7.43,7.36,6.07,5.56,5.75,7.66,7.54,7.41,5.79,5.70,5.68
H2-Ob,,NM_010389.3,,Endogenous,mRNA,100.00,4.45,4.47,4.18,6.46,6.09,5.75,4.71,4.59,4.75,5.70,5.64,5.41
H2-Q1,,NM_010390.3,,Endogenous,mRNA,100.00,9.47,9.25,9.20,8.85,8.72,8.82,9.16,9.11,9.04,8.72,8.72,8.49
H2-Q10,,NM_010391.4,,Endogenous,mRNA,91.67,4.00,3.92,0.00,5.77,5.92,5.24,4.27,3.32,2.75,5.31,4.81,5.01
H2-Q2,,NM_010392.2,,Endogenous,mRNA,100.00,3.54,4.66,4.32,5.44,5.09,5.53,4.64,4.49,4.49,5.02,5.48,4.81
H2-T23,,NM_010398.3,,Endogenous,mRNA,100.00,9.30,9.12,9.17,8.92,8.79,8.72,9.10,9.29,9.02,8.61,8.74,8.64
Havcr1,,NM_134248.2,,Endogenous,mRNA,100.00,2.54,3.47,3.25,5.53,4.87,5.27,3.64,3.06,3.17,5.06,4.70,4.59
Havcr2,,NM_134250.2,,Endogenous,mRNA,100.00,6.13,6.35,6.64,3.81,4.67,4.17,7.23,6.93,6.92,4.09,4.14,4.08
Hbegf,,NM_010415.1,,Endogenous,mRNA,100.00,6.97,6.72,6.63,8.25,8.16,7.67,5.93,6.42,6.23,8.05,7.95,7.85
Hc,,NM_010406.1,,Endogenous,mRNA,100.00,3.13,4.10,3.63,3.81,1.50,2.58,3.93,3.82,4.34,2.51,3.06,2.68
Hdac5,,NM_010412.3,,Endogenous,mRNA,100.00,9.13,9.03,8.95,9.12,8.57,8.71,9.18,9.09,9.37,8.81,8.75,8.67
Hdac6,,NM_010413.3,,Endogenous,mRNA,100.00,6.63,6.41,6.48,9.02,9.03,9.16,6.40,6.74,6.81,9.12,9.17,9.20
Hdc,,NM_008230.4,,Endogenous,mRNA,100.00,4.54,4.26,4.02,3.65,4.31,3.58,4.27,4.54,4.41,3.16,3.96,3.14
Hes1,,NM_008235.2,,Endogenous,mRNA,100.00,3.13,2.82,1.93,3.81,3.62,3.68,2.05,2.74,2.17,3.60,3.76,4.01
Hgf,,NM_010427.5,,Endogenous,mRNA,100.00,6.42,6.52,6.86,7.05,6.79,6.78,6.88,7.95,6.64,6.47,6.84,6.59
Hif1a,,NM_010431.2,,Endogenous,mRNA,100.00,8.28,8.90,9.46,10.88,11.12,11.06,9.36,10.10,9.45,10.95,11.06,11.01
Hip1r,,NM_145070.2,,Endogenous,mRNA,100.00,3.86,3.72,4.18,8.58,8.24,8.55,3.27,4.13,4.17,8.39,8.40,8.30
Hist1h1c,,NM_015786.3,,Endogenous,mRNA,100.00,12.28,12.34,11.91,11.41,11.10,11.00,12.37,12.02,12.09,11.30,11.10,11.02
Hist2h2aa1,,NM_013549.2,,Endogenous,mRNA,100.00,13.40,13.27,12.91,11.29,10.99,10.98,13.38,13.00,13.16,11.13,11.18,11.18
Hivep1,,NM_007772.2,,Endogenous,mRNA,100.00,6.58,6.66,6.98,8.14,8.12,8.23,7.23,7.82,7.34,8.25,8.07,8.08
Hmgb1,,NM_010439.3,,Endogenous,mRNA,100.00,6.81,7.85,8.16,10.50,10.66,10.63,8.29,9.41,8.52,10.60,10.55,10.51
Hnf1b,,NM_009330.2,,Endogenous,mRNA,100.00,3.13,4.26,3.51,11.80,11.78,11.35,4.17,4.13,3.49,11.68,11.72,11.51
Hoxd4,,NM_010469.2,,Endogenous,mRNA,100.00,3.13,3.60,3.39,8.98,9.03,9.00,3.93,4.06,3.17,9.20,9.09,8.91
Hpgd,,NM_008278.2,,Endogenous,mRNA,100.00,7.54,8.54,8.87,9.35,8.75,9.17,9.49,10.11,9.94,9.27,8.78,8.79
Hpgds,,NM_019455.4,,Endogenous,mRNA,100.00,7.82,8.18,8.52,5.07,5.01,4.82,8.76,9.88,9.13,4.95,4.91,4.38
Hras,,NM_001130443.1,,Endogenous,mRNA,100.00,9.92,9.58,9.66,9.96,9.95,10.09,9.51,9.41,9.46,9.94,10.02,9.92
Hspg2,,NM_008305.3,,Endogenous,mRNA,100.00,2.54,2.82,2.51,8.96,8.72,8.80,2.05,2.54,2.97,8.82,8.89,8.59
Icam1,,NM_010493.2,,Endogenous,mRNA,100.00,8.88,8.84,8.68,7.78,7.71,7.56,8.67,8.77,8.86,7.70,7.52,7.48
Icos,,NM_017480.1,,Endogenous,mRNA,100.00,3.86,3.18,2.74,3.29,4.44,4.10,2.05,3.19,2.75,3.95,3.64,3.49
Icosl,,NM_015790.3,,Endogenous,mRNA,100.00,6.06,6.51,6.14,7.43,7.51,7.51,6.71,6.52,6.67,7.30,7.54,7.25
Id1,,NM_010495.2,,Endogenous,mRNA,100.00,6.69,6.72,6.50,8.85,9.44,9.17,7.70,7.31,7.95,9.14,9.29,9.15
Id2,,NM_010496.3,,Endogenous,mRNA,100.00,10.24,10.57,10.87,13.65,13.47,13.22,10.84,11.53,11.35,13.65,13.35,13.52
Id3,,NM_008321.2,,Endogenous,mRNA,100.00,7.32,7.39,7.34,8.82,8.85,9.02,8.49,7.92,8.53,8.94,9.16,8.82
Ido1,,NM_008324.1,,Endogenous,mRNA,100.00,2.86,2.02,1.93,3.81,3.82,2.58,2.79,3.06,2.97,2.70,3.23,2.68
Ido2,,NM_145949.2,,Endogenous,mRNA,100.00,3.54,3.34,3.51,6.77,6.81,6.73,3.05,4.19,2.75,6.84,7.11,6.81
Ier3,,NM_133662.2,,Endogenous,mRNA,100.00,6.37,6.28,6.29,8.11,8.46,8.06,6.68,6.62,6.49,8.26,8.06,8.05
Ifit1bl1,,NM_001101605.1,,Endogenous,mRNA,100.00,3.35,4.18,3.39,5.69,6.01,5.84,4.05,3.98,3.49,5.58,5.48,4.93
Ifit1bl2,,NM_053217.2,,Endogenous,mRNA,100.00,3.35,3.18,3.39,4.73,4.62,4.64,3.05,3.54,4.56,4.51,4.81,4.54
Ifna1,,NM_010502.2,,Endogenous,mRNA,100.00,4.24,3.02,3.63,4.48,5.87,5.36,3.64,3.82,3.63,4.51,5.06,4.73
Ifnar1,,NM_010508.1,,Endogenous,mRNA,100.00,10.04,10.24,10.34,9.20,9.12,9.20,10.39,10.39,10.40,9.24,9.19,9.25
Ifnar2,,NM_001110498.1,,Endogenous,mRNA,100.00,9.80,10.00,9.89,8.60,8.71,8.47,10.04,10.10,10.24,8.60,8.41,8.52
Ifnb1,,NM_010510.1,,Endogenous,mRNA,100.00,4.24,3.72,2.74,4.57,4.01,3.78,3.27,3.44,3.17,2.70,4.14,3.77
Ifng,,NM_008337.1,,Endogenous,mRNA,100.00,2.86,3.47,3.63,4.57,4.38,4.30,3.27,3.82,3.87,3.02,2.86,3.85
Ifngr1,,NM_010511.2,,Endogenous,mRNA,100.00,10.76,10.96,11.00,9.56,9.27,9.40,11.11,11.31,11.28,9.38,9.29,9.09
Igf1,,NM_001111274.1,,Endogenous,mRNA,100.00,9.85,9.84,10.01,5.84,5.94,6.03,9.95,10.52,10.31,5.63,5.86,5.64
Igf2,,NM_010514.3,,Endogenous,mRNA,100.00,3.35,3.02,2.93,3.81,4.62,3.48,3.27,3.54,4.07,4.02,4.14,4.33
Ikbke,,NM_019777.3,,Endogenous,mRNA,100.00,8.09,8.04,8.28,5.61,5.65,5.61,8.14,8.54,8.32,4.91,5.23,5.11
Ikzf1,,NM_009578.2,,Endogenous,mRNA,100.00,8.39,8.53,8.66,5.94,5.94,6.33,8.72,8.81,8.95,6.17,6.12,5.85
Il10,,NM_010548.1,,Endogenous,mRNA,100.00,3.71,4.54,4.93,3.48,2.92,3.36,4.86,4.78,4.41,2.70,3.23,3.01
Il10ra,,NM_008348.2,,Endogenous,mRNA,100.00,9.14,9.44,9.41,6.21,6.18,6.27,9.50,9.57,9.46,6.16,5.94,5.75
Il12a,,NM_008351.1,,Endogenous,mRNA,91.67,3.54,3.18,3.63,3.07,1.92,2.78,3.05,2.06,3.49,2.02,2.06,0.00
Il12b,,NM_001303244.1,,Endogenous,mRNA,100.00,4.24,3.60,3.39,4.88,4.92,4.78,3.27,3.98,2.75,5.06,5.06,5.38
Il13,,NM_008355.2,,Endogenous,mRNA,100.00,4.45,3.47,2.51,4.18,4.17,2.95,3.79,2.54,3.17,2.70,3.23,3.77
Il15,,NM_008357.2,,Endogenous,mRNA,100.00,6.06,6.35,6.70,7.35,7.62,7.58,6.55,7.23,6.74,7.83,7.66,7.58
Il15ra,,NM_008358.2,,Endogenous,mRNA,100.00,3.86,3.82,4.10,6.89,6.91,7.02,4.27,4.26,4.87,6.75,7.10,7.05
Il17ra,,NM_008359.1,,Endogenous,mRNA,100.00,7.36,7.32,7.38,8.32,8.20,8.26,7.47,7.63,7.75,8.39,8.50,8.46
Il18,,NM_008360.1,,Endogenous,mRNA,100.00,5.93,6.12,6.20,6.51,6.33,6.70,5.93,6.99,6.81,6.17,6.50,6.45
Il18r1,,NM_001161842.1,,Endogenous,mRNA,100.00,4.24,4.18,3.25,5.29,5.34,4.73,3.93,3.44,3.49,4.74,4.45,4.33
Il1a,,NM_010554.4,,Endogenous,mRNA,100.00,2.54,2.34,3.74,2.48,0.92,1.36,2.47,3.06,0.17,0.70,0.06,2.27
Il1b,,NM_008361.3,,Endogenous,mRNA,100.00,5.00,5.02,5.54,5.91,5.70,5.13,5.55,5.71,5.17,6.12,5.91,5.93
Il1r1,,NM_001123382.1,,Endogenous,mRNA,100.00,2.86,3.72,1.51,7.29,7.33,7.31,4.37,4.38,4.07,7.14,6.89,6.80
Il1r2,,NM_010555.4,,Endogenous,mRNA,100.00,4.45,3.18,3.39,3.94,4.56,4.30,3.79,2.32,3.63,3.70,4.06,3.77
Il1rap,,NM_134103.2,,Endogenous,mRNA,100.00,5.86,5.69,6.10,6.75,6.71,6.88,6.14,6.67,6.07,7.20,7.01,7.06
Il1rl1,,NM_001025602.2,,Endogenous,mRNA,100.00,5.40,5.77,6.40,3.94,5.05,5.17,5.79,6.50,6.12,4.74,4.58,4.38
Il1rn,,NM_031167.5,,Endogenous,mRNA,100.00,9.80,9.77,9.92,3.29,2.73,2.36,9.05,9.07,9.07,2.87,2.64,2.27
Il2,,NM_008366.3,,Endogenous,mRNA,100.00,3.54,3.82,3.10,3.81,4.56,4.36,4.05,3.74,3.63,3.28,3.96,3.59
Il21r,,NM_021887.1,,Endogenous,mRNA,100.00,6.24,6.02,6.53,4.94,5.01,4.68,6.40,6.85,6.47,4.98,4.23,4.44
Il22,,NM_016971.1,,Endogenous,mRNA,100.00,2.86,1.60,0.93,2.07,2.24,2.10,2.47,1.74,0.17,1.70,2.38,0.68
Il23a,,NM_031252.1,,Endogenous,mRNA,100.00,3.71,2.82,2.74,3.65,3.82,4.17,3.93,3.91,3.34,2.70,3.64,3.68
Il25,,NM_080729.2,,Endogenous,mRNA,100.00,4.13,2.34,1.93,2.48,2.73,3.36,3.27,1.32,3.34,3.16,3.23,2.85
Il27,,NM_145636.1,,Endogenous,mRNA,100.00,3.35,2.60,2.51,2.07,1.92,1.78,1.47,2.74,3.63,1.70,1.64,0.68
Il27ra,,NM_016671.3,,Endogenous,mRNA,100.00,5.00,4.60,5.45,3.65,3.82,3.48,4.64,4.86,4.97,3.40,3.76,2.68
Il3,,NM_010556.4,,Endogenous,mRNA,100.00,4.45,4.60,4.63,4.57,3.62,3.95,4.79,4.91,4.41,3.02,3.52,2.85
Il33,,NM_133775.1,,Endogenous,mRNA,100.00,3.35,1.02,1.93,7.25,7.55,7.60,4.05,2.06,3.75,7.56,7.36,7.48
Il3ra,,NM_008369.1,,Endogenous,mRNA,100.00,9.24,8.82,8.86,5.53,4.87,4.78,9.01,9.10,8.69,5.06,5.01,5.08
Il4,,NM_021283.1,,Endogenous,mRNA,100.00,3.13,3.34,2.25,2.07,3.62,3.48,3.27,3.06,3.17,3.02,3.52,2.85
Il4i1,,NM_010215.3,,Endogenous,mRNA,100.00,5.30,4.87,5.10,4.39,3.62,3.86,5.22,5.13,4.81,3.02,3.38,3.01
Il4ra,,NM_001008700.3,,Endogenous,mRNA,100.00,7.97,8.14,8.05,7.91,7.55,7.67,8.13,8.17,8.31,7.70,7.66,7.63
Il5,,NM_010558.1,,Endogenous,mRNA,100.00,3.35,2.34,3.10,3.29,2.92,2.10,3.47,3.54,2.75,1.28,1.06,2.68
Il5ra,,NM_008370.2,,Endogenous,mRNA,91.67,3.13,1.60,3.51,4.81,4.96,4.95,2.79,0.00,2.75,5.48,5.48,5.38
Il6,,NM_031168.1,,Endogenous,mRNA,100.00,2.54,3.02,3.10,3.81,3.92,4.17,3.64,2.54,2.49,3.40,2.86,2.85
Il6ra,,NM_010559.2,,Endogenous,mRNA,100.00,8.09,8.05,8.20,6.77,6.47,6.30,8.46,8.70,8.91,6.24,6.03,5.91
Il9,,NM_008373.1,,Endogenous,mRNA,100.00,4.79,3.60,4.63,4.29,3.82,4.53,4.79,3.74,4.17,4.09,3.96,3.68
Insig1,,NM_153526.5,,Endogenous,mRNA,100.00,9.01,9.18,9.51,9.46,9.44,9.48,9.37,9.63,9.42,9.41,9.58,9.52
Insr,,NM_010568.2,,Endogenous,mRNA,100.00,5.58,5.41,5.68,8.48,8.40,8.35,6.02,6.09,5.59,8.51,8.52,8.50
Irf1,,NM_008390.1,,Endogenous,mRNA,100.00,9.27,9.33,9.27,8.76,8.45,8.47,9.07,9.22,9.18,8.28,8.25,8.73
Irf2,,NM_008391.2,,Endogenous,mRNA,100.00,9.18,9.14,9.34,8.69,8.66,8.74,9.19,9.59,9.69,8.77,8.74,8.71
Irf3,,NM_016849.4,,Endogenous,mRNA,100.00,8.80,8.48,8.48,9.18,9.31,9.26,8.59,8.62,8.65,9.17,9.33,9.22
Irf4,,NM_013674.1,,Endogenous,mRNA,100.00,5.24,4.87,5.45,5.13,4.78,4.53,5.42,5.94,5.84,4.28,4.23,4.27
Irf5,,NM_001252382.1,,Endogenous,mRNA,100.00,10.90,10.86,10.86,7.46,7.28,7.46,10.91,10.96,10.97,7.31,7.30,7.49
Irf7,,NM_016850.2,,Endogenous,mRNA,100.00,7.13,7.22,6.85,6.53,6.44,6.51,6.97,6.79,7.35,6.22,6.32,7.01
Irf8,,NM_008320.3,,Endogenous,mRNA,100.00,9.86,9.86,9.94,7.78,7.66,7.20,9.86,9.85,9.82,7.18,7.10,7.13
Isg15,,NM_015783.3,,Endogenous,mRNA,100.00,8.34,8.11,8.19,7.38,6.95,6.91,8.43,8.09,8.44,6.88,7.00,7.71
Itga4,,NM_010576.3,,Endogenous,mRNA,100.00,7.11,7.88,8.51,6.53,5.73,6.12,8.44,9.52,8.74,6.41,5.94,5.33
Itga5,,NM_001314041.1,,Endogenous,mRNA,100.00,8.23,7.67,8.08,5.34,5.65,4.95,8.33,8.27,8.18,5.56,5.14,5.21
Itgal,,NM_008400.2,,Endogenous,mRNA,100.00,8.50,8.42,8.27,6.13,6.01,5.93,8.58,8.72,8.72,5.83,5.86,5.68
Itgam,,NM_001082960.1,,Endogenous,mRNA,100.00,11.73,11.83,11.97,5.29,4.87,4.78,11.79,12.09,12.12,4.74,4.64,4.54
Itgax,,NM_021334.2,,Endogenous,mRNA,100.00,9.91,9.39,9.57,4.94,3.92,4.36,9.28,9.52,9.29,4.02,4.70,4.21
Itgb1,,NM_010578.1,,Endogenous,mRNA,100.00,11.61,11.92,12.25,12.20,12.09,12.19,12.16,12.65,12.22,12.15,12.04,12.01
Itgb2,,NM_008404.4,,Endogenous,mRNA,100.00,12.59,12.30,12.33,6.21,5.75,5.75,12.14,12.37,12.32,5.74,5.55,5.33
Itgb7,,NM_013566.2,,Endogenous,mRNA,100.00,6.40,5.92,5.68,5.24,4.38,4.95,6.60,6.29,6.25,5.06,4.81,4.77
Jag1,,NM_013822.2,,Endogenous,mRNA,100.00,7.00,6.89,7.08,7.86,7.71,7.86,7.17,7.30,7.11,7.75,7.54,7.42
Jak3,,NM_010589.5,,Endogenous,mRNA,100.00,6.45,6.57,6.12,7.07,6.87,6.86,6.62,6.53,6.78,6.85,6.91,6.69
Jun,,NM_010591.2,,Endogenous,mRNA,100.00,9.44,9.62,9.56,7.81,8.10,8.05,9.34,9.74,9.84,8.12,7.78,7.90
Kalrn,,NM_177357.3,,Endogenous,mRNA,100.00,3.54,3.47,3.84,7.32,6.99,6.93,3.47,3.98,3.34,7.00,6.61,6.85
Kcnab1,,NM_010597.3,,Endogenous,mRNA,100.00,3.54,3.34,3.10,5.39,5.50,5.80,3.64,3.32,3.34,5.02,5.23,5.46
Kcnq1ot1,,NR_001461.5,,Endogenous,mRNA,100.00,4.00,4.18,4.45,6.99,6.69,7.02,5.11,5.02,5.21,6.68,6.82,6.53
Kif20a,,NM_009004.3,,Endogenous,mRNA,100.00,8.60,8.64,8.54,5.24,4.67,5.91,8.88,9.03,8.81,5.45,5.55,5.61
Kit,,NM_001122733.1,,Endogenous,mRNA,100.00,2.86,3.47,3.63,5.91,6.07,6.15,3.64,2.32,3.75,6.17,6.03,5.93
Kitl,,NM_013598.1,,Endogenous,mRNA,100.00,7.49,7.38,7.82,8.30,8.35,8.32,8.35,9.06,8.18,8.31,8.42,8.34
Klf10,,NM_013692.2,,Endogenous,mRNA,100.00,7.82,7.67,8.00,7.07,6.71,7.01,7.68,8.09,8.06,7.05,7.10,6.44
Klf4,,NM_010637.3,,Endogenous,mRNA,100.00,6.67,6.86,7.25,6.79,7.37,7.45,7.39,7.92,7.91,6.81,7.36,7.16
Klk1,,NM_010639.7,,Endogenous,mRNA,100.00,4.71,4.26,4.68,16.28,15.82,15.90,4.55,4.74,5.03,16.03,16.02,16.06
Klrk1,,NM_001083322.1,,Endogenous,mRNA,100.00,3.71,3.60,2.93,5.01,3.92,4.64,3.47,4.19,3.49,4.74,4.06,5.11
Krba1,,NM_133922.3,,Endogenous,mRNA,100.00,4.24,4.47,3.93,7.37,7.14,7.29,4.47,4.38,3.97,7.17,7.18,7.04
Lag3,,NM_008479.1,,Endogenous,mRNA,100.00,3.13,2.60,3.39,4.18,4.17,3.58,2.47,3.32,2.75,4.70,3.52,2.68
Lamb2,,NM_008483.3,,Endogenous,mRNA,100.00,4.71,4.10,4.32,8.91,8.86,8.97,4.17,4.38,4.41,8.74,8.83,8.67
Lamb3,,NM_008484.2,,Endogenous,mRNA,100.00,4.24,3.02,3.25,5.07,5.44,4.53,3.93,3.91,3.87,5.65,5.81,4.81
Lamp3,,NM_177356.3,,Endogenous,mRNA,100.00,3.86,3.47,3.25,3.65,3.82,2.10,3.64,2.91,3.34,3.28,3.38,3.49
Laptm5,,NM_010686.3,,Endogenous,mRNA,100.00,13.80,13.62,13.49,8.21,7.43,7.89,13.57,13.58,13.74,7.49,7.49,7.36
Lat,,NM_010689.2,,Endogenous,mRNA,100.00,4.93,4.66,5.10,3.65,2.50,2.95,4.05,4.44,4.87,3.16,2.38,2.49
Lat2,,NM_020044.2,,Endogenous,mRNA,100.00,11.97,11.83,11.83,5.84,5.41,5.45,11.60,11.73,11.59,5.58,5.52,5.33
Ldlr,,NM_010700.2,,Endogenous,mRNA,100.00,9.39,9.30,9.23,7.68,8.02,8.33,9.43,9.63,9.60,7.97,8.13,8.10
Lgals3,,NM_001145953.1,,Endogenous,mRNA,100.00,10.32,10.01,10.13,4.88,4.31,4.73,9.91,10.13,9.87,3.70,3.52,3.77
Lif,,NM_008501.2,,Endogenous,mRNA,100.00,4.35,3.02,3.10,4.29,3.82,4.58,2.79,3.82,3.17,3.51,3.86,3.27
Lipa,,NM_021460.3,,Endogenous,mRNA,100.00,13.61,13.62,13.66,11.96,11.75,11.66,13.57,13.70,13.61,11.74,11.88,11.95
Loxl2,,NM_033325.2,,Endogenous,mRNA,100.00,4.13,4.02,3.39,7.13,6.95,7.14,3.64,3.91,3.87,6.91,6.77,6.76
Lpl,,NM_008509.2,,Endogenous,mRNA,100.00,14.08,14.33,14.84,13.28,13.21,13.18,14.78,15.40,15.02,13.28,12.59,12.81
Lrp5,,NM_008513.3,,Endogenous,mRNA,100.00,7.49,7.50,7.30,9.44,9.45,9.41,7.55,7.67,7.80,9.41,9.48,9.19
Lrp6,,NM_008514.3,,Endogenous,mRNA,100.00,5.71,6.90,7.08,10.14,10.23,10.08,7.27,7.43,6.85,10.17,10.15,10.14
Lst1,,NM_010734.2,,Endogenous,mRNA,100.00,8.33,8.49,8.28,4.73,4.17,4.42,8.01,8.43,8.41,4.45,4.30,4.33
Lta,,NM_010735.2,,Endogenous,mRNA,100.00,3.13,2.60,3.25,2.48,2.73,2.78,2.05,1.32,2.75,2.02,2.38,1.68
Lta4h,,NM_008517.2,,Endogenous,mRNA,100.00,9.71,9.70,9.74,9.62,9.29,9.31,9.66,9.63,9.55,9.42,9.44,9.31
Ltb,,NM_008518.2,,Endogenous,mRNA,100.00,2.13,3.34,2.93,4.65,4.38,4.42,4.27,3.64,3.63,5.12,4.45,4.14
Ltb4r1,,NM_008519.2,,Endogenous,mRNA,100.00,4.45,3.92,4.02,4.39,3.92,4.24,3.79,4.06,3.49,4.34,3.38,3.77
Ltb4r2,,NM_020490.2,,Endogenous,mRNA,100.00,3.54,3.60,4.18,3.65,4.09,3.48,3.27,4.19,3.49,2.87,3.86,3.77
Ly6c1,,NM_010741.3,,Endogenous,mRNA,100.00,4.35,3.72,3.74,12.55,12.42,12.44,4.17,4.19,4.56,12.53,12.56,12.69
Ly6g,,XM_909927.2,,Endogenous,mRNA,100.00,4.35,3.60,3.39,3.65,3.24,3.10,2.79,3.98,3.63,3.16,4.30,3.49
Mafb,,NM_010658.2,,Endogenous,mRNA,100.00,11.09,11.20,11.27,9.03,9.11,9.00,11.30,11.44,11.67,8.72,8.98,8.84
Maff,,NM_010755.3,,Endogenous,mRNA,100.00,5.13,4.82,5.14,5.34,5.20,4.30,5.22,5.26,5.07,4.60,4.45,4.33
Malt1,,NM_172833.2,,Endogenous,mRNA,100.00,7.18,7.58,8.40,8.20,8.25,8.24,8.22,8.99,8.16,8.39,8.29,8.30
Man2b1,,NM_010764.2,,Endogenous,mRNA,100.00,11.71,11.54,11.55,10.46,10.21,10.35,11.64,11.69,11.86,10.37,10.42,10.40
Map2k1,,NM_008927.3,,Endogenous,mRNA,100.00,9.83,10.04,10.12,9.52,9.21,9.10,10.22,10.31,10.33,9.25,9.08,9.28
Map2k2,,NM_023138.4,,Endogenous,mRNA,100.00,9.55,9.26,9.32,10.25,10.16,10.13,9.16,9.24,9.46,10.16,10.13,10.10
Map2k3,,NM_008928.4,,Endogenous,mRNA,100.00,9.24,9.07,9.08,8.41,8.54,8.63,9.28,9.13,9.32,8.44,8.73,8.60
Map2k4,,NM_009157.4,,Endogenous,mRNA,100.00,7.81,7.88,8.35,9.18,8.98,9.23,8.07,8.61,8.23,9.17,9.21,9.09
Map3k14,,NM_016896.3,,Endogenous,mRNA,100.00,5.79,5.99,5.86,5.88,6.11,5.99,5.99,5.91,5.81,6.21,5.81,5.87
Map3k4,,NM_011948.2,,Endogenous,mRNA,100.00,6.58,6.44,6.72,8.70,8.64,8.68,6.81,6.90,6.87,8.66,8.73,8.54
Mapk11,,NM_011161.5,,Endogenous,mRNA,100.00,5.06,4.10,4.32,4.94,4.82,5.42,4.64,4.32,3.75,4.51,4.81,4.81
Mapk12,,NM_013871.3,,Endogenous,mRNA,100.00,3.35,2.60,1.93,4.65,5.41,4.82,3.79,3.06,4.07,4.60,5.01,4.81
Mapk13,,NM_011950.1,,Endogenous,mRNA,100.00,2.86,3.18,2.25,7.14,7.28,7.35,3.05,2.74,1.17,6.96,7.06,7.14
Mapk14,,NM_011951.2,,Endogenous,mRNA,100.00,10.17,10.23,10.10,10.35,10.51,10.47,10.03,10.20,10.15,10.41,10.70,10.62
Marcksl1,,NM_010807.4,,Endogenous,mRNA,100.00,8.54,8.65,8.61,7.65,7.65,7.51,8.89,8.70,9.02,7.91,7.56,7.36
Marco,,NM_010766.2,,Endogenous,mRNA,100.00,4.45,3.60,4.02,4.29,4.17,2.10,3.47,3.98,4.17,3.40,3.76,2.68
Mcm5,,NM_008566.2,,Endogenous,mRNA,100.00,10.12,9.97,9.79,6.57,5.82,6.42,10.09,9.88,10.00,5.89,6.30,6.28
Mertk,,NM_008587.1,,Endogenous,mRNA,100.00,6.06,6.55,6.48,9.20,9.32,9.25,6.40,6.99,6.56,9.11,9.08,9.14
Met,,NM_008591.1,,Endogenous,mRNA,100.00,3.35,4.47,5.21,10.45,10.63,10.59,4.27,4.38,4.07,10.78,10.61,10.79
Mif,,NM_010798.2,,Endogenous,mRNA,100.00,11.26,10.96,10.98,11.80,11.28,11.23,10.86,10.87,10.84,11.58,11.48,11.46
Mmp10,,NM_019471.2,,Endogenous,mRNA,100.00,3.86,3.18,2.74,3.65,3.24,3.10,4.05,3.06,3.97,3.95,3.86,3.27
Mmp12,,NM_008605.3,,Endogenous,mRNA,100.00,14.64,14.58,15.06,6.24,5.50,6.48,14.63,15.45,14.46,5.68,5.27,5.41
Mmp13,,NM_008607.1,,Endogenous,mRNA,100.00,6.84,7.41,7.80,6.41,5.90,5.68,7.29,7.95,7.22,5.37,6.29,6.11
Mmp19,,NM_021412.2,,Endogenous,mRNA,100.00,7.76,7.84,7.78,4.39,3.62,3.68,7.30,7.45,7.43,3.16,4.30,3.14
Mmp1a,,NM_032006.3,,Endogenous,mRNA,100.00,3.13,3.92,3.10,3.81,4.17,4.03,4.05,2.32,3.75,3.28,3.76,3.77
Mmp8,,NM_008611.4,,Endogenous,mRNA,100.00,5.54,4.82,5.71,2.48,3.50,2.36,4.71,5.49,4.69,1.28,2.64,2.49
Mmp9,,NM_013599.2,,Endogenous,mRNA,100.00,7.98,7.38,7.45,5.01,4.38,3.95,6.91,7.48,7.32,4.74,4.23,3.77
Mob3c,,NM_175308.4,,Endogenous,mRNA,100.00,6.18,6.16,6.81,7.08,7.07,7.23,6.19,6.93,6.58,7.06,7.28,7.27
Mok,,NM_011973.2,,Endogenous,mRNA,100.00,5.06,4.87,5.39,7.59,7.21,7.38,4.86,5.16,5.17,7.55,7.29,7.43
Mpeg1,,NM_010821.1,,Endogenous,mRNA,100.00,13.07,13.42,13.56,8.53,7.75,7.83,13.57,13.91,13.51,7.96,7.43,7.52
Mpo,,NM_010824.2,,Endogenous,mRNA,100.00,4.00,4.02,4.32,3.81,4.73,3.86,3.93,3.82,3.75,3.60,4.06,3.93
Mrc1,,NM_008625.1,,Endogenous,mRNA,100.00,9.22,9.64,9.68,6.41,6.22,6.33,9.48,10.00,9.46,6.22,6.43,6.04
Mrc2,,NM_008626.3,,Endogenous,mRNA,100.00,3.54,2.60,2.74,6.18,6.15,5.97,4.17,3.32,2.97,5.76,5.70,6.19
Ms4a1,,NM_007641.5,,Endogenous,mRNA,100.00,3.13,3.82,3.10,5.44,5.20,4.68,4.37,3.06,3.97,4.98,4.45,4.81
Ms4a2,,NM_001276330.1,,Endogenous,mRNA,100.00,3.54,3.02,3.51,3.29,3.62,3.78,3.05,3.98,2.49,3.70,3.76,3.85
Msc,,NM_010827.2,,Endogenous,mRNA,100.00,2.54,2.82,2.51,3.48,4.01,3.24,3.05,2.74,3.75,2.51,2.38,2.85
Msh2,,NM_008628.2,,Endogenous,mRNA,100.00,7.82,7.99,8.06,8.23,8.18,8.08,7.96,8.23,8.16,8.35,8.18,8.16
Mx1,,NM_010846.1,,Endogenous,mRNA,100.00,3.54,4.10,4.88,7.43,8.24,7.85,4.99,5.29,5.69,7.72,7.47,7.77
Mx2,,NM_013606.1,,Endogenous,mRNA,100.00,4.13,4.47,4.79,5.01,4.92,5.42,4.79,4.69,5.12,4.95,5.01,5.61
Myc,,NM_010849.4,,Endogenous,mRNA,100.00,8.31,8.48,8.50,6.39,6.26,5.95,8.56,8.73,8.73,5.60,5.76,5.38
Myd88,,NM_010851.2,,Endogenous,mRNA,100.00,9.09,9.03,8.90,7.39,6.88,7.20,8.97,8.92,8.92,7.00,7.09,7.16
Myh4,,NM_010855.2,,Endogenous,mRNA,100.00,4.13,3.34,4.39,2.81,3.09,4.48,3.27,3.98,3.87,3.28,3.38,7.08
Myod1,,NM_010866.2,,Endogenous,mRNA,100.00,3.13,3.18,3.63,4.48,3.24,3.36,3.47,3.32,3.97,2.51,3.38,2.68
Nampt,,NM_021524.1,,Endogenous,mRNA,100.00,8.63,9.02,9.37,11.11,11.60,11.50,9.59,10.37,9.53,11.28,11.48,11.48
Ncf2,,NM_010877.4,,Endogenous,mRNA,100.00,12.13,12.04,12.06,7.02,6.63,6.92,12.04,12.01,12.01,6.49,6.53,6.34
Ncor1,,NM_011308.2,,Endogenous,mRNA,100.00,7.30,7.76,8.10,10.13,9.98,9.86,8.04,8.47,7.87,9.94,9.78,9.85
Ndc80,,NM_023294.2,,Endogenous,mRNA,100.00,4.54,4.92,5.51,4.39,3.73,4.03,4.99,6.19,5.84,3.40,3.23,3.14
Ndufa7,,NM_023202.2,,Endogenous,mRNA,100.00,10.78,10.52,10.43,11.28,11.07,10.95,10.36,10.23,10.33,11.05,11.10,11.03
Nectin1,,NM_021424.2,,Endogenous,mRNA,100.00,4.00,4.72,4.97,8.48,7.91,7.78,5.60,4.94,4.97,8.15,8.13,8.03
Nectin2,,NM_001159724.1,,Endogenous,mRNA,100.00,6.56,6.60,6.45,8.41,8.24,8.18,6.44,6.26,6.40,8.12,8.06,8.09
Nfatc1,,NM_016791.4,,Endogenous,mRNA,100.00,6.92,6.85,6.57,6.10,6.39,6.33,6.94,6.99,7.21,6.33,6.19,6.18
Nfatc2,,NM_001037177.1,,Endogenous,mRNA,100.00,7.44,7.53,7.64,6.77,6.36,6.27,7.79,7.81,8.22,6.12,6.21,5.71
Nfil3,,NM_017373.3,,Endogenous,mRNA,100.00,7.24,7.16,7.19,7.13,6.20,6.01,7.29,7.31,7.17,5.65,6.16,5.85
Nfkb1,,NM_008689.2,,Endogenous,mRNA,100.00,9.09,9.08,9.25,8.37,8.17,8.11,9.32,9.45,9.62,8.05,8.18,7.93
Nfkbia,,NM_010907.2,,Endogenous,mRNA,100.00,7.49,7.51,7.60,6.55,6.53,6.58,7.97,7.87,7.61,6.56,6.71,6.59
Nfkbie,,NM_008690.3,,Endogenous,mRNA,100.00,7.57,7.16,7.24,5.88,5.34,4.91,7.47,7.25,7.50,5.25,5.41,5.30
Nfkbiz,,NM_030612.1,,Endogenous,mRNA,100.00,6.40,6.81,6.75,7.73,7.39,7.46,7.02,7.33,7.07,7.49,7.31,7.13
Nfyc,,NM_001048168.2,,Endogenous,mRNA,100.00,8.63,8.55,8.50,10.09,10.18,10.24,8.67,8.69,8.71,10.12,10.27,10.21
Ngf,,NM_001112698.1,,Endogenous,mRNA,91.67,2.86,2.82,0.93,5.84,6.28,6.12,4.17,0.00,1.17,5.70,5.58,5.99
Nkg7,,NM_024253.4,,Endogenous,mRNA,100.00,3.35,3.02,3.10,5.13,4.31,4.03,3.27,2.91,2.97,4.60,4.14,4.33
Nlrp3,,NM_145827.3,,Endogenous,mRNA,100.00,8.02,8.06,8.04,4.65,3.82,4.17,8.54,8.56,8.69,4.65,3.96,4.14
Nmb,,NM_026523.2,,Endogenous,mRNA,100.00,5.45,5.10,5.18,6.69,7.14,6.39,5.47,5.64,5.81,6.68,6.67,6.55
Nod1,,NM_172729.2,,Endogenous,mRNA,100.00,5.35,4.87,4.68,6.88,6.81,6.17,4.86,5.44,4.97,6.51,6.67,6.58
Nod2,,NM_145857.2,,Endogenous,mRNA,100.00,5.35,5.14,5.14,4.88,4.82,4.86,4.47,5.38,5.17,4.87,5.01,4.54
Nos2,,NM_010927.3,,Endogenous,mRNA,100.00,4.79,3.82,3.51,4.29,3.82,4.10,3.79,4.44,4.41,3.70,3.52,3.77
Nox1,,NM_172203.1,,Endogenous,mRNA,100.00,4.45,5.22,5.74,3.65,3.38,3.58,5.64,5.41,4.97,2.87,4.06,3.01
Nox3,,NM_198958.2,,Endogenous,mRNA,100.00,4.45,3.82,3.74,4.65,4.09,3.78,3.64,3.44,3.34,3.70,4.14,3.85
Nox4,,NM_015760.4,,Endogenous,mRNA,100.00,2.54,3.18,2.74,12.43,12.53,12.54,2.79,2.91,1.75,12.69,12.80,12.82
Nr1h3,,NM_001177730.1,,Endogenous,mRNA,100.00,8.65,8.75,8.57,9.42,9.42,9.41,8.52,8.53,8.36,9.26,9.21,9.18
Nr2f6,,NM_010150.2,,Endogenous,mRNA,100.00,6.77,6.76,6.51,9.87,9.30,9.51,6.68,6.77,7.14,9.67,9.50,9.61
Nr4a1,,NM_010444.1,,Endogenous,mRNA,100.00,5.75,4.87,5.21,6.86,5.90,5.97,6.27,5.52,6.05,6.28,6.25,5.87
Nr4a2,,NM_001139509.1,,Endogenous,mRNA,100.00,4.24,4.18,4.51,4.88,4.38,4.30,4.71,4.26,4.63,4.09,4.23,4.21
Nrip3,,NM_020610.1,,Endogenous,mRNA,100.00,3.35,1.60,3.25,4.81,4.38,5.03,3.27,3.06,2.97,4.51,4.30,4.01
Olr1,,NM_001301094.1,,Endogenous,mRNA,100.00,3.35,3.34,3.93,3.65,3.73,2.95,2.47,3.64,3.17,2.28,3.52,2.27
Oscar,,NM_175632.3,,Endogenous,mRNA,100.00,3.13,3.18,3.63,2.81,3.24,2.78,3.79,3.64,3.87,1.28,2.06,2.01
Osm,,NM_001013365.2,,Endogenous,mRNA,100.00,5.67,5.60,5.76,3.07,3.73,3.86,5.99,5.64,5.92,3.79,2.64,3.38
P2rx1,,NM_008771.3,,Endogenous,mRNA,100.00,4.35,4.47,3.93,5.69,4.50,5.03,3.64,4.26,4.25,5.09,4.81,4.59
Pbx1,,NM_008783.2,,Endogenous,mRNA,100.00,5.67,5.47,5.86,9.60,9.62,9.64,5.47,5.62,5.25,9.62,9.72,9.65
Pbx3,,NM_016768.1,,Endogenous,mRNA,100.00,6.27,6.34,6.18,6.96,7.08,7.18,6.32,6.68,6.66,6.96,6.85,7.08
Pdcd1,,NM_008798.1,,Endogenous,mRNA,100.00,3.13,2.02,1.51,3.29,2.92,3.48,3.05,2.91,2.75,3.02,3.06,2.68
Pdcd1lg2,,NM_021396.2,,Endogenous,mRNA,100.00,3.54,3.72,2.93,4.29,5.34,4.36,3.47,3.54,2.75,4.02,4.81,4.08
Pde4a,,NM_183408.3,,Endogenous,mRNA,100.00,6.69,6.89,6.57,6.29,6.33,6.36,6.77,6.82,6.96,6.24,6.47,6.14
Pdgfa,,NM_008808.3,,Endogenous,mRNA,100.00,8.33,8.22,8.38,8.74,8.45,8.55,8.30,8.68,8.83,8.44,8.50,8.53
Pdgfb,,NM_011057.3,,Endogenous,mRNA,100.00,8.97,8.77,8.98,7.64,7.55,7.45,9.26,9.25,9.37,7.46,7.15,7.31
Pdgfra,,NM_001083316.1,,Endogenous,mRNA,100.00,2.54,2.02,3.25,8.05,8.09,8.24,2.79,2.32,1.17,8.07,7.90,7.83
Pdgfrb,,NM_008809.1,,Endogenous,mRNA,100.00,4.24,2.82,2.51,7.85,7.56,7.60,3.64,4.26,3.34,7.80,7.49,7.18
Pdzk1ip1,,NM_001164557.1,,Endogenous,mRNA,100.00,5.67,5.54,5.02,12.41,11.90,12.04,5.47,5.26,5.52,12.22,12.11,12.13
Peli1,,NM_023324.2,,Endogenous,mRNA,100.00,7.51,7.62,8.34,8.64,8.68,8.79,8.28,8.87,8.44,8.66,8.55,8.56
Pf4,,NM_019932.4,,Endogenous,mRNA,100.00,8.75,8.74,8.86,5.39,5.34,5.48,8.74,8.65,9.19,5.43,5.30,5.30
Pfdn6,,NM_001185182.1,,Endogenous,mRNA,100.00,9.72,9.70,9.60,10.03,10.05,10.00,9.68,9.65,9.63,10.07,10.05,10.12
Pggt1b,,NM_172627.3,,Endogenous,mRNA,100.00,6.09,6.57,6.89,8.75,8.83,8.77,7.07,7.75,7.16,8.80,8.73,8.69
Pglyrp1,,NM_009402.2,,Endogenous,mRNA,100.00,2.13,2.34,3.39,4.88,3.09,3.86,2.47,2.54,2.49,3.79,3.52,4.21
Phlda2,,NM_009434.2,,Endogenous,mRNA,100.00,3.13,3.60,1.51,7.20,7.72,7.60,3.05,0.74,3.17,7.70,7.62,7.69
Pik3cg,,NM_020272.2,,Endogenous,mRNA,100.00,8.69,8.99,9.18,5.18,4.38,4.82,9.26,9.51,9.14,5.02,4.76,4.97
Pim2,,NM_138606.2,,Endogenous,mRNA,100.00,6.52,6.69,6.57,7.71,8.04,7.83,6.49,7.02,6.63,7.73,7.66,7.77
Plau,,NM_008873.2,,Endogenous,mRNA,100.00,12.98,12.70,12.87,12.11,11.99,12.29,12.61,13.01,12.85,12.01,12.18,11.62
Plaur,,NM_011113.3,,Endogenous,mRNA,100.00,10.33,10.13,10.27,6.44,6.58,6.27,10.20,10.29,9.94,6.27,5.99,6.19
Pparg,,NM_011146.1,,Endogenous,mRNA,100.00,7.84,7.78,8.06,5.13,5.34,3.95,7.72,8.12,7.89,4.60,4.23,4.14
Prdx1,,NM_011034.4,,Endogenous,mRNA,100.00,9.65,9.77,10.34,9.46,9.60,9.48,9.75,10.20,9.89,9.63,9.47,9.46
Prdx3,,NM_007452.2,,Endogenous,mRNA,100.00,9.64,9.80,9.82,12.28,12.15,12.07,9.71,9.79,9.60,12.14,12.15,12.13
Prg2,,NM_008920.4,,Endogenous,mRNA,100.00,4.13,4.26,2.93,3.29,4.92,4.48,4.55,4.06,3.75,3.95,4.14,4.21
Prg3,,NM_016914.2,,Endogenous,mRNA,100.00,3.54,3.60,3.39,4.18,4.56,4.42,3.79,3.74,3.87,4.28,4.58,3.85
Prkca,,NM_011101.3,,Endogenous,mRNA,100.00,4.24,4.02,4.02,7.93,7.78,7.60,4.27,4.13,2.97,7.83,7.72,7.79
Prkci,,NM_008857.3,,Endogenous,mRNA,100.00,7.17,7.50,7.78,9.02,9.08,9.03,7.81,8.15,7.66,9.00,8.96,8.87
Prok2,,NM_001037539.2,,Endogenous,mRNA,100.00,3.86,2.02,3.74,4.48,3.62,3.86,3.47,3.98,3.87,3.87,3.64,3.85
Pros1,,NM_011173.2,,Endogenous,mRNA,100.00,7.68,7.93,8.28,8.32,7.91,8.15,8.19,8.46,8.09,7.99,7.93,7.85
Prrx1,,NM_175686.3,,Endogenous,mRNA,100.00,1.54,2.02,2.74,4.81,4.82,4.73,3.05,2.74,3.49,4.60,4.81,4.73
Psmb8,,NM_010724.2,,Endogenous,mRNA,100.00,11.19,11.11,10.95,8.81,8.38,8.42,11.01,10.95,10.96,8.31,8.12,8.44
Psmb9,,NM_013585.2,,Endogenous,mRNA,100.00,8.32,8.45,8.32,7.49,6.46,6.88,8.16,8.29,8.36,6.72,6.34,6.78
Psme2,,NM_001029855.1,,Endogenous,mRNA,100.00,11.68,11.68,11.64,10.57,10.59,10.44,11.59,11.74,11.66,10.53,10.48,10.46
Ptafr,,NM_001081211.1,,Endogenous,mRNA,100.00,11.09,11.12,11.31,5.44,4.96,5.27,11.08,11.36,11.11,5.31,4.91,4.59
Ptgdr,,NM_008962.4,,Endogenous,mRNA,100.00,3.54,3.34,2.51,4.81,4.82,5.13,3.27,3.06,2.97,4.28,4.70,4.14
Ptgdr2,,NM_009962.2,,Endogenous,mRNA,100.00,3.54,3.34,3.51,3.29,3.24,3.48,2.79,4.13,3.63,2.51,2.64,3.01
Ptgds,,NM_008963.2,,Endogenous,mRNA,100.00,3.71,3.34,3.74,5.01,5.59,6.24,4.27,3.54,3.75,5.34,5.34,5.08
Ptger2,,NM_008964.4,,Endogenous,mRNA,100.00,5.06,5.47,5.21,2.48,3.50,3.86,5.32,5.62,5.38,3.70,2.86,3.27
Ptgs1,,NM_008969.3,,Endogenous,mRNA,100.00,6.16,6.02,5.91,8.41,7.91,7.98,6.81,6.48,6.99,8.06,8.25,7.91
Ptgs2,,NM_011198.3,,Endogenous,mRNA,100.00,4.71,3.18,4.79,4.88,3.50,4.36,4.37,4.82,4.25,3.40,4.64,4.49
Ptpn14,,NM_008976.2,,Endogenous,mRNA,100.00,3.71,3.82,2.74,5.77,5.28,4.78,3.93,3.74,3.87,4.65,5.41,4.85
Ptprb,,NM_029928.1,,Endogenous,mRNA,100.00,2.86,2.34,2.51,8.92,8.86,8.93,3.05,3.54,3.75,8.81,8.87,8.61
Ptprc,,NM_011210.3,,Endogenous,mRNA,100.00,9.57,10.00,10.54,8.10,7.54,7.81,10.55,11.53,10.41,7.67,7.36,7.14
Ptprk,,NM_008983.2,,Endogenous,mRNA,100.00,3.54,3.60,3.51,10.34,9.79,9.82,2.79,2.74,3.34,10.22,9.74,9.92
Ptx3,,NM_008987.3,,Endogenous,mRNA,100.00,2.54,3.47,3.39,3.65,4.38,4.48,2.79,2.91,3.17,3.60,3.76,3.85
Pycard,,NM_023258.4,,Endogenous,mRNA,100.00,6.03,6.02,6.34,5.29,5.05,4.64,5.82,6.57,6.32,5.16,4.76,5.14
Rab20,,NM_011227.1,,Endogenous,mRNA,100.00,7.69,7.69,7.81,9.61,9.40,9.40,7.76,7.81,8.01,9.60,9.58,9.38
Rab3d,,NM_031874.4,,Endogenous,mRNA,100.00,8.79,8.73,8.74,7.45,7.39,7.27,8.59,8.74,8.72,7.17,7.16,7.26
Rad51,,NM_011234.4,,Endogenous,mRNA,100.00,7.52,7.65,7.70,4.07,3.82,4.53,7.88,7.98,7.87,4.22,4.23,3.38
Raf1,,NM_029780.3,,Endogenous,mRNA,100.00,8.37,8.61,8.42,9.22,8.94,9.13,8.33,8.56,8.39,9.14,9.06,9.03
Rapgef4,,NM_019688.2,,Endogenous,mRNA,100.00,3.13,3.60,1.93,6.16,6.18,6.30,3.05,3.19,2.17,6.16,6.03,6.01
Rasal1,,NM_013832.4,,Endogenous,mRNA,100.00,5.83,4.87,5.32,4.57,5.17,4.48,5.17,5.67,5.59,4.51,5.23,3.49
Rasgrf2,,NM_009027.3,,Endogenous,mRNA,100.00,3.54,3.47,1.93,6.24,6.38,6.12,2.47,3.32,3.75,6.37,6.50,6.38
Rbp1,,NM_011254.5,,Endogenous,mRNA,100.00,3.54,3.72,3.51,4.57,4.56,3.86,4.27,3.91,4.07,3.87,4.23,3.77
Retnla,,NM_020509.3,,Endogenous,mRNA,100.00,2.86,3.47,1.51,7.11,7.04,6.94,3.27,2.32,1.75,7.08,6.80,7.47
Retnlb,,NM_023881.4,,Endogenous,mRNA,100.00,3.13,2.82,3.10,2.48,2.50,3.48,3.27,2.06,3.63,3.60,2.38,2.85
Rgl1,,NM_016846.3,,Endogenous,mRNA,100.00,6.37,6.63,6.68,10.51,10.57,10.60,7.13,7.12,7.41,10.74,10.99,10.93
Rgs1,,NM_015811.1,,Endogenous,mRNA,100.00,8.00,8.05,8.05,3.94,3.50,3.58,8.36,9.84,9.26,2.28,3.23,2.68
Rgs16,,NM_011267.3,,Endogenous,mRNA,100.00,6.21,5.87,6.45,4.88,4.24,4.36,5.96,6.00,6.03,3.87,4.14,3.14
Rgs6,,NM_015812.3,,Endogenous,mRNA,100.00,3.54,3.18,3.10,7.55,7.43,7.70,4.17,3.06,2.49,7.49,7.41,7.38
Rhoc,,NM_007484.2,,Endogenous,mRNA,100.00,10.11,9.72,9.76,9.28,8.86,8.80,9.49,9.56,9.22,9.13,8.96,9.00
Rhog,,NM_019566.3,,Endogenous,mRNA,100.00,12.12,12.03,11.95,9.06,8.78,8.67,12.01,11.99,12.09,8.88,8.60,8.67
Rhoj,,NM_023275.2,,Endogenous,mRNA,100.00,7.25,6.98,7.28,6.93,6.79,6.77,6.97,7.32,7.04,6.65,6.61,6.54
Rictor,,NM_030168.3,,Endogenous,mRNA,100.00,6.27,6.61,6.95,8.28,8.32,8.20,6.97,7.21,6.69,8.27,8.23,8.16
Rin2,,NM_028724.4,,Endogenous,mRNA,100.00,9.92,10.15,10.54,9.11,9.11,9.01,10.16,10.74,10.36,9.20,9.16,8.92
Ripk2,,NM_138952.3,,Endogenous,mRNA,100.00,6.16,6.16,6.76,6.24,6.53,6.20,6.27,7.08,6.81,6.30,5.86,5.75
Rnase2a,,NM_053113.2,,Endogenous,mRNA,100.00,4.54,4.02,4.88,3.29,3.73,3.48,4.55,5.16,5.38,2.02,3.52,3.27
Rnase2b,,NM_019398.2,,Endogenous,mRNA,100.00,4.79,4.34,4.51,4.07,4.92,4.68,4.93,4.69,4.75,3.28,4.64,4.14
Rnd3,,NM_028810.2,,Endogenous,mRNA,100.00,5.30,5.72,6.39,6.84,6.87,6.98,6.44,6.62,5.92,7.09,7.00,6.78
Ros1,,NM_011282.2,,Endogenous,mRNA,100.00,3.86,3.02,4.02,4.88,4.44,4.58,3.93,3.98,3.97,4.28,4.64,4.59
Runx2,,NM_009820.5,,Endogenous,mRNA,100.00,5.40,4.54,5.25,5.07,5.01,4.17,4.99,5.16,5.17,4.51,5.52,4.21
S100a10,,NM_009112.2,,Endogenous,mRNA,100.00,12.03,12.02,12.29,11.33,11.18,11.01,12.19,12.43,12.36,11.22,11.16,11.00
S100a11,,NM_016740.3,,Endogenous,mRNA,100.00,15.03,14.60,14.62,12.03,11.99,12.13,14.23,14.30,14.19,11.84,12.05,11.87
S100a4,,NM_011311.2,,Endogenous,mRNA,100.00,15.36,15.41,15.46,7.84,7.76,7.70,15.52,15.66,15.80,7.97,7.45,7.36
S100a8,,NM_013650.2,,Endogenous,mRNA,100.00,6.79,7.07,7.01,7.29,6.55,6.48,6.49,6.83,6.66,7.79,7.01,7.15
S100a9,,NM_009114.2,,Endogenous,mRNA,100.00,4.35,4.34,4.97,7.30,6.13,6.03,4.27,4.74,4.56,7.54,7.00,6.71
S1pr1,,NM_007901.4,,Endogenous,mRNA,100.00,6.37,6.22,6.48,5.57,5.47,5.51,6.79,6.63,6.77,5.76,5.48,5.59
Saa1,,NM_009117.3,,Endogenous,mRNA,100.00,3.35,3.02,2.25,3.07,4.31,4.17,4.27,3.64,2.75,3.28,3.64,3.59
Scin,,NM_009132.2,,Endogenous,mRNA,100.00,3.35,1.02,2.25,7.59,8.07,8.32,3.05,2.91,2.17,7.65,8.00,7.45
Sele,,NM_011345.2,,Endogenous,mRNA,100.00,3.54,2.60,3.51,4.39,5.17,4.30,4.05,3.54,2.49,4.74,3.96,4.54
Sell,,NM_001164059.1,,Endogenous,mRNA,100.00,2.86,4.02,3.51,6.41,5.90,5.71,2.79,3.32,3.63,5.98,5.94,5.46
Selp,,NM_011347.1,,Endogenous,mRNA,100.00,4.13,3.60,3.84,4.65,4.73,4.30,4.47,3.74,3.87,4.16,4.58,4.21
Selplg,,NM_009151.3,,Endogenous,mRNA,100.00,11.34,11.22,11.15,7.22,6.33,6.38,10.96,11.20,11.21,6.53,6.19,6.33
Sema4a,,NM_013658.3,,Endogenous,mRNA,100.00,5.45,5.41,5.71,9.69,8.92,9.03,5.64,5.46,5.95,9.23,9.16,9.16
Sema4b,,NM_013659.4,,Endogenous,mRNA,100.00,4.71,4.60,4.57,7.73,7.98,7.86,5.17,4.54,4.63,7.84,8.13,7.98
Sema5a,,NM_009154.2,,Endogenous,mRNA,100.00,3.54,3.92,3.51,7.67,7.79,7.99,3.93,3.74,2.97,7.77,7.46,7.48
Sema6d,,NM_199240.2,,Endogenous,mRNA,100.00,4.24,4.02,4.32,6.77,6.95,6.95,3.79,3.98,3.63,6.98,6.99,6.58
Serinc2,,NM_172702.3,,Endogenous,mRNA,100.00,4.00,2.60,3.51,7.78,7.57,7.83,3.27,3.64,3.34,7.61,7.82,7.55
Serpinb2,,NM_001174170.1,,Endogenous,mRNA,100.00,3.71,2.82,4.02,4.07,3.38,3.68,3.05,2.32,3.49,2.70,4.52,2.68
Serpinb6a,,NM_001164117.1,,Endogenous,mRNA,100.00,10.60,10.86,10.94,7.93,7.83,7.68,10.73,11.17,10.92,7.68,7.62,7.65
Serpinb7,,NM_027548.3,,Endogenous,mRNA,100.00,2.13,3.60,2.93,3.81,3.92,3.48,2.05,2.91,3.34,2.87,2.64,3.59
Serpinb9,,NM_009256.3,,Endogenous,mRNA,100.00,6.45,6.06,6.39,7.35,6.80,6.67,5.96,6.45,6.05,6.87,6.36,6.60
Serpine1,,NM_008871.2,,Endogenous,mRNA,100.00,4.79,5.02,4.45,5.07,5.53,5.51,5.27,4.91,4.92,4.79,5.06,4.89
Serpine3,,NM_001199945.1,,Endogenous,mRNA,100.00,4.63,4.26,4.74,5.18,4.67,5.51,5.11,4.91,4.25,4.70,4.76,4.54
Sesn1,,NM_001013370.2,,Endogenous,mRNA,100.00,9.81,10.07,10.27,8.05,7.80,7.91,10.28,10.45,10.33,7.79,8.16,7.77
Sfrp4,,NM_016687.2,,Endogenous,mRNA,100.00,2.54,3.02,2.74,5.29,4.09,4.48,3.05,3.19,3.49,4.98,4.38,4.49
Sgpp1,,NM_030750.3,,Endogenous,mRNA,100.00,7.92,8.43,8.74,10.26,10.20,10.17,8.73,9.10,8.84,10.43,10.18,10.38
Siglec1,,NM_011426.3,,Endogenous,mRNA,100.00,7.62,7.57,7.45,4.48,4.38,4.10,7.83,7.70,7.83,3.87,3.23,4.44
Siglecf,,NM_145581.1,,Endogenous,mRNA,100.00,7.14,6.78,7.40,2.48,3.73,3.95,7.44,7.73,7.42,3.40,3.52,2.27
Sirpa,,NM_007547.2,,Endogenous,mRNA,100.00,13.85,13.87,13.87,10.17,9.36,9.53,13.94,14.10,14.14,9.73,9.55,9.46
Ski,,NM_011385.2,,Endogenous,mRNA,100.00,7.64,7.63,7.68,8.34,8.09,8.10,8.10,7.89,8.27,8.04,8.07,7.82
Skil,,NM_011386.2,,Endogenous,mRNA,100.00,6.98,7.29,8.13,8.83,8.93,8.81,8.65,8.92,8.38,8.94,8.75,8.77
Slc16a6,,NM_134038.2,,Endogenous,mRNA,100.00,6.32,6.28,6.62,7.64,7.92,7.04,6.99,7.52,7.35,7.75,6.94,6.89
Smad1,,NM_008539.3,,Endogenous,mRNA,100.00,8.29,8.49,8.49,7.98,8.22,8.30,8.61,8.79,8.63,8.10,8.10,7.95
Smad2,,NM_010754.4,,Endogenous,mRNA,100.00,7.96,8.12,8.13,8.74,8.76,8.88,8.18,8.64,8.62,8.84,8.71,8.78
Smad7,,NM_001042660.1,,Endogenous,mRNA,100.00,7.08,6.70,6.86,9.47,9.60,9.41,6.94,7.35,7.40,9.62,9.43,9.52
Smarcd3,,NM_025891.3,,Endogenous,mRNA,100.00,3.13,2.34,3.51,6.13,6.44,6.75,4.17,3.54,3.34,6.06,6.27,6.28
Socs1,,NM_009896.2,,Endogenous,mRNA,100.00,5.30,4.92,5.60,4.94,5.05,4.99,5.22,4.98,5.25,4.51,4.64,4.81
Socs2,,NM_001168655.1,,Endogenous,mRNA,100.00,4.00,3.82,3.84,8.28,8.63,8.79,4.27,3.82,3.49,8.23,8.22,8.05
Socs3,,NM_007707.2,,Endogenous,mRNA,100.00,3.86,3.34,4.68,5.18,5.31,4.73,3.79,3.91,4.34,5.09,4.96,4.85
Sp4,,NM_009239.2,,Endogenous,mRNA,100.00,4.24,4.18,4.88,6.98,7.34,7.12,5.17,5.71,5.41,7.27,7.03,6.91
Sphk1,,NM_011451.3,,Endogenous,mRNA,100.00,4.13,4.34,4.10,4.07,4.31,4.42,4.17,3.74,3.17,3.79,4.52,4.54
Spry2,,NM_011897.3,,Endogenous,mRNA,100.00,7.05,7.11,7.30,7.39,7.73,7.48,7.21,7.34,7.39,7.65,7.35,7.21
Sptbn1,,NM_009260.2,,Endogenous,mRNA,100.00,8.23,8.20,8.26,11.80,11.77,11.72,8.33,8.36,7.97,11.77,11.71,11.75
Sqstm1,,NM_011018.2,,Endogenous,mRNA,100.00,12.03,11.84,11.78,12.75,12.64,12.44,11.95,11.77,11.79,12.79,12.70,12.67
Stab1,,NM_138672.2,,Endogenous,mRNA,100.00,9.74,9.73,9.66,7.16,6.99,7.11,9.76,10.04,10.25,6.73,7.00,6.86
Stat1,,NM_009283.3,,Endogenous,mRNA,100.00,9.06,9.16,9.17,9.04,8.64,8.62,9.11,9.16,9.33,8.42,8.37,9.03
Stat3,,NM_213659.2,,Endogenous,mRNA,100.00,9.14,9.05,9.09,9.53,9.38,9.21,9.17,9.27,9.23,9.37,9.29,9.21
Stat4,,NM_011487.4,,Endogenous,mRNA,100.00,1.54,3.47,3.39,3.94,3.38,3.86,3.05,3.82,3.49,2.02,3.23,3.59
Stat5a,,NM_011488.2,,Endogenous,mRNA,100.00,7.86,7.83,7.72,8.52,7.96,7.89,7.98,7.90,8.12,7.92,7.96,8.07
Stat5b,,NM_001113563.1,,Endogenous,mRNA,100.00,7.90,7.77,7.81,8.23,8.00,7.92,7.85,7.93,7.99,7.96,8.30,8.10
Stat6,,NM_009284.2,,Endogenous,mRNA,100.00,10.94,10.75,10.67,10.07,10.07,10.02,10.72,10.81,10.85,10.07,10.05,9.98
Syk,,NM_001198977.1,,Endogenous,mRNA,100.00,10.51,10.35,10.35,5.53,5.34,5.39,10.39,10.46,10.36,5.31,5.41,4.89
Tap1,,NM_001161730.1,,Endogenous,mRNA,100.00,8.35,8.17,7.93,7.58,7.19,7.17,8.27,8.23,8.22,7.09,6.88,7.62
Tap2,,NM_011530.3,,Endogenous,mRNA,100.00,7.81,7.89,7.81,7.67,7.61,7.75,8.01,8.07,8.14,7.44,7.60,7.58
Tapbp,,NM_009318.2,,Endogenous,mRNA,100.00,11.01,10.72,10.85,9.99,9.88,9.91,10.73,10.89,10.97,9.82,9.95,9.81
Tek,,NM_013690.2,,Endogenous,mRNA,100.00,3.71,3.18,3.25,9.14,9.00,9.02,3.47,3.44,2.17,8.86,8.91,8.80
Tep1,,NM_009351.2,,Endogenous,mRNA,100.00,9.76,9.76,9.70,8.80,8.69,8.72,9.81,10.07,10.25,8.74,8.34,8.40
Terf2ip,,NM_020584.2,,Endogenous,mRNA,100.00,6.16,6.55,6.79,8.83,8.70,8.58,6.96,7.14,7.16,8.69,8.64,8.65
Tfcp2,,NM_033476.2,,Endogenous,mRNA,100.00,5.58,5.82,5.97,8.93,8.99,8.77,5.89,6.21,6.28,9.23,9.04,9.03
Tgfa,,NM_031199.2,,Endogenous,mRNA,100.00,5.79,5.87,5.74,6.18,6.20,6.45,5.89,6.04,5.66,5.63,6.32,5.54
Tgfb1,,NM_011577.1,,Endogenous,mRNA,100.00,12.06,11.83,11.78,8.28,7.96,8.16,11.78,11.90,11.98,8.08,7.96,8.06
Tgfbr3,,NM_011578.3,,Endogenous,mRNA,100.00,4.54,3.82,4.02,8.49,8.78,8.85,3.93,4.44,4.07,8.60,8.70,8.55
Tgm2,,NM_009373.3,,Endogenous,mRNA,100.00,9.07,8.85,8.82,11.21,10.63,10.54,9.14,8.93,9.05,10.86,10.71,10.66
Thbd,,NM_009378.3,,Endogenous,mRNA,100.00,6.47,6.37,6.40,8.38,7.90,8.18,6.70,7.08,6.99,7.85,8.03,7.89
Tigit,,NM_001146325.1,,Endogenous,mRNA,100.00,2.54,3.82,3.10,2.48,2.73,3.10,4.05,4.38,3.49,2.70,2.64,2.49
Timd4,,NM_178759.4,,Endogenous,mRNA,100.00,3.86,3.82,3.93,5.18,4.73,4.86,4.27,3.54,4.34,4.28,4.86,4.93
Timp3,,NM_011595.2,,Endogenous,mRNA,100.00,4.13,1.02,3.93,14.62,14.50,14.49,4.05,2.74,2.97,14.67,14.76,14.76
Tlr1,,NM_030682.1,,Endogenous,mRNA,100.00,8.77,8.79,9.17,5.53,5.28,5.03,8.89,9.39,9.03,4.83,4.76,5.01
Tlr11,,NM_205819.2,,Endogenous,mRNA,100.00,4.35,3.47,3.10,4.39,4.73,3.68,3.05,3.82,2.97,4.74,4.06,4.33
Tlr12,,NM_205823.2,,Endogenous,mRNA,100.00,3.35,3.47,4.57,6.67,6.82,7.14,2.79,4.49,3.63,6.98,7.26,7.24
Tlr13,,NM_205820.1,,Endogenous,mRNA,100.00,10.37,10.65,10.88,5.29,4.78,4.86,10.99,11.26,10.49,4.70,5.06,4.27
Tlr2,,NM_011905.2,,Endogenous,mRNA,100.00,7.78,8.10,7.96,5.53,4.87,4.99,8.34,8.06,8.10,5.09,5.10,5.01
Tlr3,,NM_126166.2,,Endogenous,mRNA,100.00,5.13,4.72,5.29,6.37,6.26,6.48,4.99,5.88,4.75,6.36,6.10,6.11
Tlr4,,NM_021297.2,,Endogenous,mRNA,100.00,7.31,7.90,8.56,6.73,6.62,6.58,8.67,9.72,8.63,6.49,6.41,6.40
Tlr5,,NM_016928.2,,Endogenous,mRNA,100.00,3.35,2.60,2.51,4.73,3.62,4.03,3.27,3.32,3.49,3.40,4.06,3.14
Tlr6,,NM_011604.3,,Endogenous,mRNA,100.00,7.37,7.64,7.82,4.88,4.96,4.10,7.88,7.81,7.62,4.51,4.45,4.14
Tlr7,,NM_133211.3,,Endogenous,mRNA,100.00,7.24,7.64,8.07,3.94,5.09,4.42,8.23,8.78,7.56,4.09,4.45,4.77
Tlr8,,NM_133212.2,,Endogenous,mRNA,100.00,9.28,9.84,10.13,5.24,4.96,4.82,10.13,10.89,9.94,4.87,4.45,4.38
Tlr9,,NM_031178.2,,Endogenous,mRNA,100.00,7.53,7.82,7.58,5.91,4.82,5.33,7.81,7.95,8.10,4.79,4.86,5.30
Tm7sf3,,NM_026281.2,,Endogenous,mRNA,100.00,7.36,7.29,7.55,9.99,10.07,9.91,7.39,7.51,7.51,10.05,10.09,10.05
Tmem173,,NM_028261.1,,Endogenous,mRNA,100.00,8.00,7.83,7.84,5.61,5.34,5.24,7.78,8.05,7.82,5.53,5.38,4.59
Tnc,,NM_011607.1,,Endogenous,mRNA,100.00,5.06,4.02,3.63,6.79,7.17,7.48,3.64,4.26,4.34,6.47,6.88,6.44
Tnf,,NM_013693.2,,Endogenous,mRNA,100.00,8.23,8.05,8.15,3.94,3.50,3.95,8.27,8.41,8.32,3.28,2.86,3.85
Tnfaip3,,NM_009397.2,,Endogenous,mRNA,100.00,7.56,7.72,7.94,6.73,6.31,6.13,7.71,8.05,7.77,6.40,6.67,6.19
Tnfaip6,,NM_009398.2,,Endogenous,mRNA,100.00,2.54,2.34,2.93,3.48,3.24,2.10,3.05,2.91,2.75,1.70,2.86,2.85
Tnfaip8,,NM_134131.2,,Endogenous,mRNA,100.00,8.69,9.02,9.23,11.99,12.58,12.38,9.31,10.03,9.53,12.55,13.00,12.93
Tnfrsf11a,,NM_009399.3,,Endogenous,mRNA,100.00,8.74,8.99,9.23,6.39,6.11,6.08,9.23,9.61,9.62,6.36,5.64,5.99
Tnfrsf12a,,NM_001161746.1,,Endogenous,mRNA,100.00,8.33,8.31,8.10,8.77,8.72,8.66,8.18,8.17,8.01,8.43,8.47,8.59
Tnfrsf14,,NM_178931.2,,Endogenous,mRNA,100.00,7.53,7.72,7.79,6.04,5.80,6.12,7.89,8.14,8.07,5.83,5.64,5.81
Tnfrsf1a,,NM_011609.2,,Endogenous,mRNA,100.00,10.51,10.40,10.37,9.64,9.43,9.37,10.51,10.51,10.48,9.40,9.29,9.14
Tnfrsf1b,,NM_011610.3,,Endogenous,mRNA,100.00,9.98,9.76,10.13,5.73,5.24,5.33,10.06,10.31,10.00,5.68,4.81,4.89
Tnfrsf4,,NM_011659.2,,Endogenous,mRNA,100.00,2.86,3.47,3.74,4.57,4.24,4.03,3.47,3.19,3.17,3.16,4.30,4.01
Tnfrsf8,,NM_009401.2,,Endogenous,mRNA,100.00,4.13,4.10,4.25,3.29,3.62,3.36,4.47,4.59,3.63,3.16,3.23,2.49
Tnfrsf9,,NM_001077508.1,,Endogenous,mRNA,100.00,4.13,3.34,3.10,2.81,2.50,2.58,3.27,2.32,2.17,3.16,2.64,2.49
Tnfsf10,,NM_009425.2,,Endogenous,mRNA,100.00,4.79,4.18,4.45,9.28,9.67,9.80,4.55,4.13,4.49,9.53,9.59,9.62
Tnfsf4,,NM_009452.2,,Endogenous,mRNA,100.00,4.13,3.34,4.02,3.07,2.73,2.78,3.79,3.32,3.63,2.02,3.52,2.85
Tnfsf9,,NM_009404.3,,Endogenous,mRNA,100.00,4.93,4.72,5.02,4.73,3.92,3.95,4.27,5.02,4.17,3.16,2.64,4.44
Top2a,,NM_011623.2,,Endogenous,mRNA,100.00,8.96,9.66,10.12,6.44,5.73,6.20,10.23,10.79,9.91,6.38,5.81,5.85
Tpsb2,,NM_010781.3,,Endogenous,mRNA,100.00,4.45,3.60,4.57,2.48,3.50,2.10,4.17,4.32,3.49,2.02,3.38,1.68
Traf1,,NM_009421.3,,Endogenous,mRNA,100.00,5.63,5.57,5.25,5.24,4.87,4.64,6.17,5.82,5.45,4.98,4.91,4.44
Traf2,,NM_009422.2,,Endogenous,mRNA,100.00,8.52,8.33,8.24,8.41,8.31,8.27,8.33,8.23,8.29,8.36,8.20,8.23
Traf6,,NM_009424.2,,Endogenous,mRNA,100.00,7.05,6.87,7.05,8.20,8.15,8.30,7.02,7.38,7.17,8.42,8.22,8.12
Trafd1,,NM_172275.2,,Endogenous,mRNA,100.00,8.25,8.37,8.40,7.44,7.43,7.23,8.38,8.52,8.37,7.14,7.14,7.39
Trem1,,NM_021406.5,,Endogenous,mRNA,91.67,2.54,2.60,0.00,2.48,3.09,2.95,0.47,2.32,1.75,2.51,2.86,3.27
Trem2,,NM_031254.2,,Endogenous,mRNA,100.00,13.69,13.50,13.43,4.48,3.38,3.10,13.39,13.33,13.32,3.79,4.06,3.38
Trex1,,NM_011637.6,,Endogenous,mRNA,100.00,7.70,7.51,7.62,5.07,5.44,5.36,7.51,7.52,7.41,5.09,5.10,5.41
Trim9,,NM_001110202.1,,Endogenous,mRNA,100.00,3.86,3.18,3.25,2.48,4.01,4.30,3.05,2.91,3.34,3.40,3.86,4.08
Tspan7,,NM_019634.2,,Endogenous,mRNA,100.00,5.00,5.30,5.02,8.74,8.47,8.41,4.64,4.94,4.87,8.84,8.58,8.59
Tspan8,,NM_001168680.1,,Endogenous,mRNA,100.00,2.86,3.92,3.51,9.98,10.10,10.31,3.93,3.44,3.17,9.99,10.01,9.90
Ttk,,NM_009445.2,,Endogenous,mRNA,100.00,5.63,5.85,6.21,4.73,4.67,4.58,6.40,6.97,5.92,4.09,4.14,4.54
Tuba1a,,NM_011653.2,,Endogenous,mRNA,100.00,9.98,9.79,9.59,8.57,8.37,8.54,9.46,9.48,9.48,8.27,8.49,8.42
Tuba4a,,NM_009447.3,,Endogenous,mRNA,100.00,9.03,8.81,8.66,11.38,11.12,11.05,8.80,8.65,8.61,11.22,11.12,11.20
Twistnb,,NM_172253.2,,Endogenous,mRNA,100.00,6.61,6.77,7.33,8.52,8.32,8.21,7.63,8.60,7.97,8.31,8.18,8.18
Txn1,,NM_011660.3,,Endogenous,mRNA,100.00,12.31,12.34,12.30,13.56,13.61,13.50,12.29,12.87,13.18,13.68,13.54,13.58
Txndc16,,NM_172597.2,,Endogenous,mRNA,100.00,6.90,7.33,7.86,7.46,7.46,7.60,7.54,7.93,7.55,7.17,7.48,7.22
Tyrobp,,NM_011662.2,,Endogenous,mRNA,100.00,14.74,14.67,14.66,8.49,7.65,7.85,14.63,14.63,14.59,7.97,7.52,7.54
Usp18,,NM_011909.2,,Endogenous,mRNA,100.00,5.71,5.44,5.54,5.13,5.50,5.36,6.11,5.52,5.63,5.12,5.38,6.09
Vamp2,,NM_009497.3,,Endogenous,mRNA,100.00,6.37,6.44,6.06,8.47,8.44,8.37,6.25,6.64,6.54,8.42,8.37,8.56
Vasp,,NM_009499.2,,Endogenous,mRNA,100.00,10.00,9.79,9.86,8.80,8.89,8.97,10.07,9.96,9.99,8.65,8.78,8.68
Vav1,,NM_011691.4,,Endogenous,mRNA,100.00,10.68,10.54,10.55,5.88,5.53,5.45,10.61,10.63,10.67,5.31,5.01,5.01
Vav2,,NM_009500.1,,Endogenous,mRNA,100.00,8.35,8.08,8.18,9.08,8.96,8.96,8.07,8.34,8.02,9.00,9.08,9.05
Vcam1,,NM_011693.2,,Endogenous,mRNA,100.00,4.86,5.82,5.95,7.17,6.84,7.25,4.47,5.32,4.25,7.25,6.95,7.13
Vegfa,,NM_001025250.3,,Endogenous,mRNA,100.00,8.07,8.10,8.51,10.85,10.98,10.90,8.07,8.86,8.70,10.95,11.00,11.01
Vegfc,,NM_009506.2,,Endogenous,mRNA,100.00,4.13,4.60,4.68,6.63,5.98,6.42,5.71,5.13,5.56,6.52,5.99,6.31
Vrk2,,NM_001252447.1,,Endogenous,mRNA,100.00,6.92,7.21,7.11,6.10,6.70,6.61,7.22,7.79,7.18,6.52,6.29,6.42
Vsir,,NM_001159572.1,,Endogenous,mRNA,100.00,12.40,12.29,12.26,7.26,7.09,7.39,12.30,12.34,12.35,7.30,6.82,6.80
Vtcn1,,NM_178594.3,,Endogenous,mRNA,100.00,4.35,4.82,4.68,5.24,5.96,5.53,4.71,4.74,4.63,4.74,5.91,5.68
Vwa5a,,NM_172767.3,,Endogenous,mRNA,100.00,11.40,11.67,11.72,9.72,9.68,9.79,11.68,11.94,11.57,9.67,9.55,9.71
Was,,NM_009515.2,,Endogenous,mRNA,100.00,8.47,8.45,8.45,3.81,3.82,4.17,8.42,8.52,8.47,3.95,3.96,3.59
Xcr1,,NM_011798.4,,Endogenous,mRNA,100.00,2.86,2.34,3.25,3.48,4.24,4.10,3.47,3.44,2.49,4.51,4.06,3.68
Yap1,,NM_009534.3,,Endogenous,mRNA,100.00,3.54,4.26,3.93,10.43,10.21,10.19,3.64,4.19,4.49,10.32,10.16,10.20
Yes1,,NM_001205132.1,,Endogenous,mRNA,100.00,3.35,3.02,3.63,9.28,8.96,9.00,3.47,3.06,2.97,9.16,9.07,9.12
Zfp148,,NM_011749.4,,Endogenous,mRNA,100.00,6.16,6.32,6.96,9.19,8.96,9.14,6.77,8.17,7.09,9.08,9.25,9.12
Zfp92,,NM_009566.4,,Endogenous,mRNA,100.00,3.35,2.34,1.93,0.48,2.92,2.10,3.05,3.44,1.75,2.51,2.86,2.01
Zmpste24,,NM_172700.2,,Endogenous,mRNA,100.00,7.55,7.93,8.26,9.79,9.68,9.63,8.12,8.32,8.07,9.79,9.49,9.56
Znrf2,,NM_199143.2,,Endogenous,mRNA,100.00,9.40,9.87,10.63,12.25,12.51,12.48,10.31,11.16,10.89,12.47,12.54,12.46
Abcf1,,NM_013854.1,,Housekeeping,mRNA,100.00,8.74,8.60,8.77,8.80,8.61,8.59,8.78,8.77,8.80,8.66,8.58,8.60
Alas1,,NM_020559.2,,Housekeeping,mRNA,100.00,10.40,10.05,10.24,9.71,10.37,10.36,9.86,10.01,9.76,10.22,10.85,10.64
Edc3,,NM_153799.3,,Housekeeping,mRNA,100.00,7.13,7.02,7.06,7.21,7.08,7.11,7.25,7.26,7.16,7.23,7.18,7.17
Eef1g,,NM_026007.4,,Housekeeping,mRNA,100.00,12.00,11.80,11.55,10.82,10.88,10.72,11.61,11.40,11.41,10.72,10.75,10.77
Eif2b4,,NM_001127355.1,,Housekeeping,mRNA,100.00,7.77,7.71,7.56,8.81,8.67,8.62,7.47,7.58,7.47,8.45,8.57,8.58
G6pdx,,NM_008062.2,,Housekeeping,mRNA,100.00,11.15,10.95,10.77,8.73,8.40,8.33,10.64,10.66,10.80,8.37,8.39,8.29
Gusb,,NM_010368.1,,Housekeeping,mRNA,100.00,12.40,12.17,12.14,8.62,8.18,8.51,12.07,12.11,12.18,8.30,8.51,8.50
Hdac3,,NM_010411.2,,Housekeeping,mRNA,100.00,8.85,8.83,8.82,9.35,9.19,9.25,8.81,8.72,8.84,9.16,9.12,9.18
Hprt,,NM_013556.2,,Housekeeping,mRNA,100.00,6.86,7.58,7.94,8.57,8.53,8.61,7.98,8.25,8.00,8.69,8.78,8.63
Nubp1,,NM_011955.2,,Housekeeping,mRNA,100.00,8.79,8.86,8.55,8.63,8.41,8.65,8.52,8.62,8.71,8.73,8.29,8.42
Oaz1,,NM_008753.4,,Housekeeping,mRNA,100.00,12.76,12.77,12.76,12.50,12.59,12.56,12.72,12.72,12.74,12.64,12.62,12.62
Polr1b,,NM_009086.2,,Housekeeping,mRNA,100.00,6.37,6.51,6.70,7.37,7.39,7.24,6.64,6.26,6.40,7.12,7.09,7.14
Polr2a,,NM_001291068.1,,Housekeeping,mRNA,100.00,9.34,9.29,9.15,9.11,9.29,9.32,9.21,9.23,9.53,9.24,9.27,9.32
Ppia,,NM_008907.1,,Housekeeping,mRNA,100.00,14.88,14.90,14.84,14.52,14.42,14.40,14.82,14.87,14.92,14.45,14.36,14.38
Rpl19,,NM_009078.2,,Housekeeping,mRNA,100.00,14.76,14.67,14.49,13.53,13.40,13.37,14.45,14.28,14.27,13.45,13.32,13.33
Sap130,,NM_172965.2,,Housekeeping,mRNA,100.00,8.24,7.82,7.95,8.42,8.42,8.33,8.14,8.26,8.33,8.31,8.49,8.37
Sdha,,NM_023281.1,,Housekeeping,mRNA,100.00,10.22,10.17,10.30,12.60,12.55,12.62,10.18,10.23,10.27,12.59,12.57,12.61
Sf3a3,,NM_029157.3,,Housekeeping,mRNA,100.00,8.49,8.54,8.66,8.41,8.33,8.20,8.76,8.74,8.62,8.52,8.31,8.34
Tbp,,NM_013684.3,,Housekeeping,mRNA,100.00,7.02,7.45,7.36,6.65,6.82,7.06,7.41,7.44,7.46,6.83,6.81,6.92
Tubb5,,NM_011655.4,,Housekeeping,mRNA,100.00,11.67,11.51,11.43,7.85,7.82,7.85,11.59,11.58,11.54,7.90,8.11,7.88
NEG_A,,ERCC_00096.1,,Negative,SYSTEM,100.00,3.70,3.00,3.00,2.58,3.17,3.00,3.32,4.00,4.00,3.58,3.17,3.00
NEG_B,,ERCC_00041.1,,Negative,SYSTEM,100.00,3.32,2.81,3.58,2.32,3.00,2.00,1.58,2.81,3.17,3.00,1.58,2.58
NEG_C,,ERCC_00019.1,,Negative,SYSTEM,100.00,3.17,2.00,4.46,3.58,4.09,4.17,3.81,4.32,3.17,3.91,4.00,4.39
NEG_D,,ERCC_00076.1,,Negative,SYSTEM,100.00,4.00,3.81,4.70,3.32,3.58,3.81,4.39,4.70,4.52,3.17,3.70,3.46
NEG_E,,ERCC_00098.1,,Negative,SYSTEM,100.00,3.70,3.32,4.46,1.58,3.00,2.58,3.46,4.32,3.58,3.70,3.46,3.00
NEG_F,,ERCC_00126.1,,Negative,SYSTEM,100.00,2.81,3.81,2.32,3.81,3.17,3.46,3.00,3.58,3.46,3.00,2.81,4.32
NEG_G,,ERCC_00144.1,,Negative,SYSTEM,100.00,2.81,2.00,2.58,1.58,2.81,2.81,3.00,2.58,1.58,3.00,2.32,3.00
NEG_H,,ERCC_00154.1,,Negative,SYSTEM,100.00,3.32,2.58,2.81,2.32,3.32,3.17,3.17,3.46,3.58,2.00,2.81,3.17
POS_A,,ERCC_00117.1,,Positive,SYSTEM,100.00,14.67,14.74,14.48,14.55,14.74,14.48,14.56,14.56,14.35,14.59,14.74,14.91
POS_B,,ERCC_00112.1,,Positive,SYSTEM,100.00,13.22,13.27,13.02,13.12,13.35,13.07,13.15,13.12,12.91,13.16,13.32,13.42
POS_C,,ERCC_00002.1,,Positive,SYSTEM,100.00,11.26,11.36,11.11,11.23,11.38,11.05,11.14,11.19,10.95,11.24,11.36,11.50
POS_D,,ERCC_00092.1,,Positive,SYSTEM,100.00,8.85,9.22,8.92,8.85,9.02,8.78,8.73,8.83,8.85,8.84,8.99,9.28
POS_E,,ERCC_00035.1,,Positive,SYSTEM,100.00,6.41,6.81,6.29,6.29,6.38,6.07,6.02,6.11,6.00,6.17,6.58,6.54
POS_F,,ERCC_00034.1,,Positive,SYSTEM,100.00,5.81,5.75,5.32,5.55,5.83,5.61,5.49,6.04,5.55,5.21,5.46,5.39